audio_file_path,classId,class
/content/drive/MyDrive/코딩/새싹해커톤/data/audio/11.중풍/ID-01-11-N-JBJ-02-04-F-75-KK2.wav,0,중풍
/content/drive/MyDrive/코딩/새싹해커톤/data/audio/11.중풍/ID-01-11-N-JBH-07-M-41-KK.wav,0,중풍
/content/drive/MyDrive/코딩/새싹해커톤/data/audio/11.중풍/ID-01-11-N-PHR-04-F-52-KK.wav,0,중풍
/content/drive/MyDrive/코딩/새싹해커톤/data/audio/11.중풍/ID-01-11-N-SKS-01-02-M-56-KK.wav,0,중풍
/content/drive/MyDrive/코딩/새싹해커톤/data/audio/11.중풍/ID-01-11-N-SKS-02-04-M-56-KK.wav,0,중풍
/content/drive/MyDrive/코딩/새싹해커톤/data/audio/11.중풍/ID-01-11-N-SKS-01-01-M-56-KK.wav,0,중풍
/content/drive/MyDrive/코딩/새싹해커톤/data/audio/11.중풍/ID-01-11-N-SKS-03-M-56-KK.wav,0,중풍
/content/drive/MyDrive/코딩/새싹해커톤/data/audio/11.중풍/ID-01-11-N-SKS-04-M-56-KK.wav,0,중풍
/content/drive/MyDrive/코딩/새싹해커톤/data/audio/11.중풍/ID-01-11-N-KCS-01-01-M-62-KK2.wav,0,중풍
/content/drive/MyDrive/코딩/새싹해커톤/data/audio/11.중풍/ID-01-11-N-JBJ-02-04-F-75-KK3.wav,0,중풍
/content/drive/MyDrive/코딩/새싹해커톤/data/audio/11.중풍/ID-01-11-N-KSC-01-01-M-60-KK.wav,0,중풍
/content/drive/MyDrive/코딩/새싹해커톤/data/audio/11.중풍/ID-01-11-N-KSC-01-02-M-60-KK.wav,0,중풍
/content/drive/MyDrive/코딩/새싹해커톤/data/audio/11.중풍/ID-01-11-N-KBW-03-F-69-SU.wav,0,중풍
/content/drive/MyDrive/코딩/새싹해커톤/data/audio/11.중풍/ID-01-11-N-SKS-07-M-56-KK.wav,0,중풍
/content/drive/MyDrive/코딩/새싹해커톤/data/audio/11.중풍/ID-01-11-N-JJR-03-F-64-KK.wav,0,중풍
/content/drive/MyDrive/코딩/새싹해커톤/data/audio/11.중풍/ID-01-11-N-KSC-07-M-60-KK.wav,0,중풍
/content/drive/MyDrive/코딩/새싹해커톤/data/audio/11.중풍/ID-01-11-N-JJS-07-M-44-KK.wav,0,중풍
/content/drive/MyDrive/코딩/새싹해커톤/data/audio/11.중풍/ID-01-11-N-JJS-07-M-44-KK2.wav,0,중풍
/content/drive/MyDrive/코딩/새싹해커톤/data/audio/11.중풍/ID-01-11-N-LMS-06-0100-F-57-KK.wav,0,중풍
/content/drive/MyDrive/코딩/새싹해커톤/data/audio/11.중풍/ID-01-11-N-KBW-06-01-F-69-SU2.wav,0,중풍
/content/drive/MyDrive/코딩/새싹해커톤/data/audio/11.중풍/ID-01-11-N-KBW-06-01-F-69-SU.wav,0,중풍
/content/drive/MyDrive/코딩/새싹해커톤/data/audio/11.중풍/ID-01-11-N-JSO-01-02-F-61-kk.wav,0,중풍
/content/drive/MyDrive/코딩/새싹해커톤/data/audio/11.중풍/ID-01-11-N-JSO-01-03-F-61-kk.wav,0,중풍
/content/drive/MyDrive/코딩/새싹해커톤/data/audio/11.중풍/ID-01-11-N-LMS-01-03-F-57-KK_3.wav,0,중풍
/content/drive/MyDrive/코딩/새싹해커톤/data/audio/11.중풍/ID-01-11-N-KNH-04-1000-M-57-KK_2.wav,0,중풍
/content/drive/MyDrive/코딩/새싹해커톤/data/audio/11.중풍/ID-01-11-N-KNH-04-4000-M-57-KK_2.wav,0,중풍
/content/drive/MyDrive/코딩/새싹해커톤/data/audio/11.중풍/ID-01-11-N-KNH-04-8000-M-57-KK_2.wav,0,중풍
/content/drive/MyDrive/코딩/새싹해커톤/data/audio/11.중풍/ID-01-11-N-KNH-04-5000-M-57-KK_2.wav,0,중풍
/content/drive/MyDrive/코딩/새싹해커톤/data/audio/11.중풍/ID-01-11-N-KNH-04-9000-M-57-KK_2.wav,0,중풍
/content/drive/MyDrive/코딩/새싹해커톤/data/audio/11.중풍/ID-01-11-N-KNH-04-3000-M-57-KK_2.wav,0,중풍
/content/drive/MyDrive/코딩/새싹해커톤/data/audio/11.중풍/ID-01-11-N-KNH-04-7000-M-57-KK_2.wav,0,중풍
/content/drive/MyDrive/코딩/새싹해커톤/data/audio/11.중풍/ID-01-11-N-KNH-04-6000-M-57-KK_2.wav,0,중풍
/content/drive/MyDrive/코딩/새싹해커톤/data/audio/11.중풍/ID-01-11-N-JBH-02-04-M-41-KK.wav,0,중풍
/content/drive/MyDrive/코딩/새싹해커톤/data/audio/11.중풍/ID-01-11-N-JBJ-07-F-75-KK2.wav,0,중풍
/content/drive/MyDrive/코딩/새싹해커톤/data/audio/11.중풍/ID-01-11-N-JJS-02-01-M-44-KK.wav,0,중풍
/content/drive/MyDrive/코딩/새싹해커톤/data/audio/11.중풍/ID-01-11-N-JJS-02-03-M-44-KK.wav,0,중풍
/content/drive/MyDrive/코딩/새싹해커톤/data/audio/11.중풍/ID-01-11-N-JJS-02-04-M-44-KK.wav,0,중풍
/content/drive/MyDrive/코딩/새싹해커톤/data/audio/11.중풍/ID-01-11-N-JJS-04-M-44-KK.wav,0,중풍
/content/drive/MyDrive/코딩/새싹해커톤/data/audio/11.중풍/ID-01-11-N-JSO-01-01-F-61-kk.wav,0,중풍
/content/drive/MyDrive/코딩/새싹해커톤/data/audio/11.중풍/ID-01-11-N-JSO-02-01-F-61-kk.wav,0,중풍
/content/drive/MyDrive/코딩/새싹해커톤/data/audio/11.중풍/ID-01-11-N-JSO-02-04-F-61-kk.wav,0,중풍
/content/drive/MyDrive/코딩/새싹해커톤/data/audio/11.중풍/ID-01-11-N-JSO-03-F-61-kk.wav,0,중풍
/content/drive/MyDrive/코딩/새싹해커톤/data/audio/11.중풍/ID-01-11-N-JSO-04-F-61-kk.wav,0,중풍
/content/drive/MyDrive/코딩/새싹해커톤/data/audio/11.중풍/ID-01-11-N-KCS-02-01-M-62-KK.wav,0,중풍
/content/drive/MyDrive/코딩/새싹해커톤/data/audio/11.중풍/ID-01-11-N-KCS-02-03-M-62-KK.wav,0,중풍
/content/drive/MyDrive/코딩/새싹해커톤/data/audio/11.중풍/ID-01-11-N-KCS-02-04-M-62-KK.wav,0,중풍
/content/drive/MyDrive/코딩/새싹해커톤/data/audio/11.중풍/ID-01-11-N-KCS-04-M-62-KK.wav,0,중풍
/content/drive/MyDrive/코딩/새싹해커톤/data/audio/11.중풍/ID-01-11-N-KCS-06-01-M-62-KK.wav,0,중풍
/content/drive/MyDrive/코딩/새싹해커톤/data/audio/11.중풍/ID-01-11-N-KCS-06-02-M-62-KK.wav,0,중풍
/content/drive/MyDrive/코딩/새싹해커톤/data/audio/11.중풍/ID-01-11-N-LMS-01-01-F-56-KK.wav,0,중풍
/content/drive/MyDrive/코딩/새싹해커톤/data/audio/11.중풍/ID-01-11-N-LMS-01-01-F-56-KK_3.wav,0,중풍
/content/drive/MyDrive/코딩/새싹해커톤/data/audio/11.중풍/ID-01-11-N-LMS-01-01-F-57-KK_2.wav,0,중풍
/content/drive/MyDrive/코딩/새싹해커톤/data/audio/11.중풍/ID-01-11-N-LMS-01-02-F-56-KK.wav,0,중풍
/content/drive/MyDrive/코딩/새싹해커톤/data/audio/11.중풍/ID-01-11-N-LMS-02-01-F-56-KK.wav,0,중풍
/content/drive/MyDrive/코딩/새싹해커톤/data/audio/11.중풍/ID-01-11-N-LMS-02-01-F-56-KK_3.wav,0,중풍
/content/drive/MyDrive/코딩/새싹해커톤/data/audio/11.중풍/ID-01-11-N-LMS-02-01-F-57-KK_2.wav,0,중풍
/content/drive/MyDrive/코딩/새싹해커톤/data/audio/11.중풍/ID-01-11-N-LMS-02-02-F-56-KK_3.wav,0,중풍
/content/drive/MyDrive/코딩/새싹해커톤/data/audio/11.중풍/ID-01-11-N-LMS-02-03-F-56-KK_3.wav,0,중풍
/content/drive/MyDrive/코딩/새싹해커톤/data/audio/11.중풍/ID-01-11-N-LMS-02-04-F-56-KK_3.wav,0,중풍
/content/drive/MyDrive/코딩/새싹해커톤/data/audio/11.중풍/ID-01-11-N-LMS-04-F-57-KK_2.wav,0,중풍
/content/drive/MyDrive/코딩/새싹해커톤/data/audio/11.중풍/ID-01-11-N-LMS-06-01-F-56-KK_3.wav,0,중풍
/content/drive/MyDrive/코딩/새싹해커톤/data/audio/11.중풍/ID-01-11-N-LMS-06-01-F-57-KK_2.wav,0,중풍
/content/drive/MyDrive/코딩/새싹해커톤/data/audio/11.중풍/ID-01-11-N-LMS-06-01-F-57-KK_4.wav,0,중풍
/content/drive/MyDrive/코딩/새싹해커톤/data/audio/11.중풍/ID-01-11-N-LMS-01-03-F-56-KK.wav,0,중풍
/content/drive/MyDrive/코딩/새싹해커톤/data/audio/11.중풍/ID-01-11-N-JSO-02-02-F-61-kk.wav,0,중풍
/content/drive/MyDrive/코딩/새싹해커톤/data/audio/11.중풍/ID-01-11-N-LMS-01-03-F-57-KK_2.wav,0,중풍
/content/drive/MyDrive/코딩/새싹해커톤/data/audio/11.중풍/ID-01-11-N-JSO-06-01-F-61-kk.wav,0,중풍
/content/drive/MyDrive/코딩/새싹해커톤/data/audio/11.중풍/ID-01-11-N-LMS-02-02-F-56-KK.wav,0,중풍
/content/drive/MyDrive/코딩/새싹해커톤/data/audio/11.중풍/ID-01-11-N-LMS-02-02-F-57-KK_2.wav,0,중풍
/content/drive/MyDrive/코딩/새싹해커톤/data/audio/11.중풍/ID-01-11-N-LMS-02-03-F-56-KK.wav,0,중풍
/content/drive/MyDrive/코딩/새싹해커톤/data/audio/11.중풍/ID-01-11-N-LMS-02-03-F-57-KK_2.wav,0,중풍
/content/drive/MyDrive/코딩/새싹해커톤/data/audio/11.중풍/ID-01-11-N-LMS-02-04-F-56-KK.wav,0,중풍
/content/drive/MyDrive/코딩/새싹해커톤/data/audio/11.중풍/ID-01-11-N-LMS-02-04-F-57-KK_2.wav,0,중풍
/content/drive/MyDrive/코딩/새싹해커톤/data/audio/11.중풍/ID-01-11-N-LMS-04-F-56-KK_3.wav,0,중풍
/content/drive/MyDrive/코딩/새싹해커톤/data/audio/11.중풍/ID-01-11-N-LMS-04-F-56-KK.wav,0,중풍
/content/drive/MyDrive/코딩/새싹해커톤/data/audio/11.중풍/ID-01-11-N-LMS-07-F-56-KK_3.wav,0,중풍
/content/drive/MyDrive/코딩/새싹해커톤/data/audio/11.중풍/ID-01-11-N-KNH-06-01-M-57-KK3.wav,0,중풍
/content/drive/MyDrive/코딩/새싹해커톤/data/audio/11.중풍/ID-01-11-N-KNH-06-02-M-57-KK_2.wav,0,중풍
/content/drive/MyDrive/코딩/새싹해커톤/data/audio/11.중풍/ID-01-11-N-OBR-06-01-F-35-KK.wav,0,중풍
/content/drive/MyDrive/코딩/새싹해커톤/data/audio/11.중풍/ID-01-11-N-OBR-06-02-F-35-KK_2.wav,0,중풍
/content/drive/MyDrive/코딩/새싹해커톤/data/audio/11.중풍/ID-01-11-N-KNH-01-02-M-57-KK_2.wav,0,중풍
/content/drive/MyDrive/코딩/새싹해커톤/data/audio/11.중풍/ID-01-11-N-KNH-01-02-M-57-KK3.wav,0,중풍
/content/drive/MyDrive/코딩/새싹해커톤/data/audio/11.중풍/ID-01-11-N-KNH-01-03-M-57-KK_2.wav,0,중풍
/content/drive/MyDrive/코딩/새싹해커톤/data/audio/11.중풍/ID-01-11-N-KNH-02-01-M-57-KK_2.wav,0,중풍
/content/drive/MyDrive/코딩/새싹해커톤/data/audio/11.중풍/ID-01-11-N-KNH-02-01-M-57-KK3.wav,0,중풍
/content/drive/MyDrive/코딩/새싹해커톤/data/audio/11.중풍/ID-01-11-N-KNH-02-02-M-57-KK_2.wav,0,중풍
/content/drive/MyDrive/코딩/새싹해커톤/data/audio/11.중풍/ID-01-11-N-KNH-02-02-M-57-KK3.wav,0,중풍
/content/drive/MyDrive/코딩/새싹해커톤/data/audio/11.중풍/ID-01-11-N-KNH-02-03-M-57-KK_2.wav,0,중풍
/content/drive/MyDrive/코딩/새싹해커톤/data/audio/11.중풍/ID-01-11-N-KNH-02-03-M-57-KK3.wav,0,중풍
/content/drive/MyDrive/코딩/새싹해커톤/data/audio/11.중풍/ID-01-11-N-KNH-02-04-M-57-KK_2.wav,0,중풍
/content/drive/MyDrive/코딩/새싹해커톤/data/audio/11.중풍/ID-01-11-N-KNH-02-04-M-57-KK3.wav,0,중풍
/content/drive/MyDrive/코딩/새싹해커톤/data/audio/11.중풍/ID-01-11-N-KNH-04-2000-M-57-KK_2.wav,0,중풍
/content/drive/MyDrive/코딩/새싹해커톤/data/audio/11.중풍/ID-01-11-N-OBR-02-04-F-35-KK_2.wav,0,중풍
/content/drive/MyDrive/코딩/새싹해커톤/data/audio/11.중풍/ID-01-11-N-OBR-02-04-F-35-KK_4.wav,0,중풍
/content/drive/MyDrive/코딩/새싹해커톤/data/audio/11.중풍/ID-01-11-N-OBR-04-F-35-KK.wav,0,중풍
/content/drive/MyDrive/코딩/새싹해커톤/data/audio/11.중풍/ID-01-11-N-OBR-04-F-35-KK_2.wav,0,중풍
/content/drive/MyDrive/코딩/새싹해커톤/data/audio/11.중풍/ID-01-11-N-OBR-04-F-35-KK_4.wav,0,중풍
/content/drive/MyDrive/코딩/새싹해커톤/data/audio/11.중풍/ID-01-11-N-OBR-06-01-F-35-KK_2.wav,0,중풍
/content/drive/MyDrive/코딩/새싹해커톤/data/audio/11.중풍/ID-01-11-N-OBR-06-01-F-35-KK_3.wav,0,중풍
/content/drive/MyDrive/코딩/새싹해커톤/data/audio/11.중풍/ID-01-11-N-OBR-06-02-F-35-KK_4.wav,0,중풍
/content/drive/MyDrive/코딩/새싹해커톤/data/audio/11.중풍/ID-01-11-N-KJM-02-02-M-57-KK.wav,0,중풍
/content/drive/MyDrive/코딩/새싹해커톤/data/audio/11.중풍/ID-01-11-N-KJM-02-03-M-57-KK.wav,0,중풍
/content/drive/MyDrive/코딩/새싹해커톤/data/audio/11.중풍/ID-01-11-N-AMG-02-02-M-56-KK.wav,0,중풍
/content/drive/MyDrive/코딩/새싹해커톤/data/audio/11.중풍/ID-01-11-N-KJM-02-04-M-57-KK.wav,0,중풍
/content/drive/MyDrive/코딩/새싹해커톤/data/audio/11.중풍/ID-01-11-N-KJM-03-M-57-KK.wav,0,중풍
/content/drive/MyDrive/코딩/새싹해커톤/data/audio/11.중풍/ID-01-11-N-AMG-02-03-M-56-KK.wav,0,중풍
/content/drive/MyDrive/코딩/새싹해커톤/data/audio/11.중풍/ID-01-11-N-KJM-04-M-57-KK.wav,0,중풍
/content/drive/MyDrive/코딩/새싹해커톤/data/audio/11.중풍/ID-01-11-N-AMG-02-04-M-56-KK.wav,0,중풍
/content/drive/MyDrive/코딩/새싹해커톤/data/audio/11.중풍/ID-01-11-N-AMG-03-M-56-KK.wav,0,중풍
/content/drive/MyDrive/코딩/새싹해커톤/data/audio/11.중풍/ID-01-11-N-KJO-01-01-M-71-KK.wav,0,중풍
/content/drive/MyDrive/코딩/새싹해커톤/data/audio/11.중풍/ID-01-11-N-KJO-01-02-M-71-KK.wav,0,중풍
/content/drive/MyDrive/코딩/새싹해커톤/data/audio/11.중풍/ID-01-11-N-AMG-04-M-56-KK.wav,0,중풍
/content/drive/MyDrive/코딩/새싹해커톤/data/audio/11.중풍/ID-01-11-N-AMG-06-01-M-56-KK.wav,0,중풍
/content/drive/MyDrive/코딩/새싹해커톤/data/audio/11.중풍/ID-01-11-N-BBD-02-01-M-58-KK.wav,0,중풍
/content/drive/MyDrive/코딩/새싹해커톤/data/audio/11.중풍/ID-01-11-N-KJO-01-03-M-71-KK.wav,0,중풍
/content/drive/MyDrive/코딩/새싹해커톤/data/audio/11.중풍/ID-01-11-N-BBD-02-02-M-58-KK.wav,0,중풍
/content/drive/MyDrive/코딩/새싹해커톤/data/audio/11.중풍/ID-01-11-N-KJO-02-02-M-71-KK.wav,0,중풍
/content/drive/MyDrive/코딩/새싹해커톤/data/audio/11.중풍/ID-01-11-N-BBD-02-03-M-58-KK.wav,0,중풍
/content/drive/MyDrive/코딩/새싹해커톤/data/audio/11.중풍/ID-01-11-N-KJO-02-03-M-71-KK.wav,0,중풍
/content/drive/MyDrive/코딩/새싹해커톤/data/audio/11.중풍/ID-01-11-N-BBD-02-04-M-58-KK.wav,0,중풍
/content/drive/MyDrive/코딩/새싹해커톤/data/audio/11.중풍/ID-01-11-N-KJO-02-04-M-71-KK.wav,0,중풍
/content/drive/MyDrive/코딩/새싹해커톤/data/audio/11.중풍/ID-01-11-N-KNH-01-01-M-57-KK.wav,0,중풍
/content/drive/MyDrive/코딩/새싹해커톤/data/audio/11.중풍/ID-01-11-N-BBD-03-M-58-KK.wav,0,중풍
/content/drive/MyDrive/코딩/새싹해커톤/data/audio/11.중풍/ID-01-11-N-KNH-01-02-M-57-KK.wav,0,중풍
/content/drive/MyDrive/코딩/새싹해커톤/data/audio/11.중풍/ID-01-11-N-BBD-04-M-58-KK.wav,0,중풍
/content/drive/MyDrive/코딩/새싹해커톤/data/audio/11.중풍/ID-01-11-N-BBD-06-01-M-58-KK.wav,0,중풍
/content/drive/MyDrive/코딩/새싹해커톤/data/audio/11.중풍/ID-01-11-N-KNH-01-03-M-57-KK.wav,0,중풍
/content/drive/MyDrive/코딩/새싹해커톤/data/audio/11.중풍/ID-01-11-N-BHW-01-01-F-67-KK.wav,0,중풍
/content/drive/MyDrive/코딩/새싹해커톤/data/audio/11.중풍/ID-01-11-N-BHW-01-02-F-67-KK.wav,0,중풍
/content/drive/MyDrive/코딩/새싹해커톤/data/audio/11.중풍/ID-01-11-N-KNH-02-01-M-57-KK.wav,0,중풍
/content/drive/MyDrive/코딩/새싹해커톤/data/audio/11.중풍/ID-01-11-N-KNH-02-02-M-57-KK.wav,0,중풍
/content/drive/MyDrive/코딩/새싹해커톤/data/audio/11.중풍/ID-01-11-N-KNH-02-03-M-57-KK.wav,0,중풍
/content/drive/MyDrive/코딩/새싹해커톤/data/audio/11.중풍/ID-01-11-N-BHW-02-04-F-67-KK.wav,0,중풍
/content/drive/MyDrive/코딩/새싹해커톤/data/audio/11.중풍/ID-01-11-N-BHW-03-F-67-KK.wav,0,중풍
/content/drive/MyDrive/코딩/새싹해커톤/data/audio/11.중풍/ID-01-11-N-BHW-04-F-67-KK.wav,0,중풍
/content/drive/MyDrive/코딩/새싹해커톤/data/audio/11.중풍/ID-01-11-N-CCL-02-01-F-70-KK.wav,0,중풍
/content/drive/MyDrive/코딩/새싹해커톤/data/audio/11.중풍/ID-01-11-N-CCL-02-02-F-70-KK.wav,0,중풍
/content/drive/MyDrive/코딩/새싹해커톤/data/audio/11.중풍/ID-01-11-N-KNH-02-04-M-57-KK.wav,0,중풍
/content/drive/MyDrive/코딩/새싹해커톤/data/audio/11.중풍/ID-01-11-N-CCL-02-03-F-70-KK.wav,0,중풍
/content/drive/MyDrive/코딩/새싹해커톤/data/audio/11.중풍/ID-01-11-N-CCL-02-04-F-70-KK.wav,0,중풍
/content/drive/MyDrive/코딩/새싹해커톤/data/audio/11.중풍/ID-01-11-N-CCL-03-F-70-KK.wav,0,중풍
/content/drive/MyDrive/코딩/새싹해커톤/data/audio/11.중풍/ID-01-11-N-KNH-04-M-57-KK.wav,0,중풍
/content/drive/MyDrive/코딩/새싹해커톤/data/audio/11.중풍/ID-01-11-N-CCL-04-F-70-KK.wav,0,중풍
/content/drive/MyDrive/코딩/새싹해커톤/data/audio/11.중풍/ID-01-11-N-CCL-06-01-F-70-KK.wav,0,중풍
/content/drive/MyDrive/코딩/새싹해커톤/data/audio/11.중풍/ID-01-11-N-KNH-07-M-58-KK.wav,0,중풍
/content/drive/MyDrive/코딩/새싹해커톤/data/audio/11.중풍/ID-01-11-N-HJY-02-01-F-67-KK.wav,0,중풍
/content/drive/MyDrive/코딩/새싹해커톤/data/audio/11.중풍/ID-01-11-N-HJY-02-02-F-67-KK.wav,0,중풍
/content/drive/MyDrive/코딩/새싹해커톤/data/audio/11.중풍/ID-01-11-N-KNH-07-M-57-KK2.wav,0,중풍
/content/drive/MyDrive/코딩/새싹해커톤/data/audio/11.중풍/ID-01-11-N-HJY-02-03-F-67-KK.wav,0,중풍
/content/drive/MyDrive/코딩/새싹해커톤/data/audio/11.중풍/ID-01-11-N-HJY-02-04-F-67-KK.wav,0,중풍
/content/drive/MyDrive/코딩/새싹해커톤/data/audio/11.중풍/ID-01-11-N-KNH-07-M-57-KK3.wav,0,중풍
/content/drive/MyDrive/코딩/새싹해커톤/data/audio/11.중풍/ID-01-11-N-HJY-03-F-67-KK.wav,0,중풍
/content/drive/MyDrive/코딩/새싹해커톤/data/audio/11.중풍/ID-01-11-N-KSC-02-01-M-60-KK.wav,0,중풍
/content/drive/MyDrive/코딩/새싹해커톤/data/audio/11.중풍/ID-01-11-N-HJY-04-F-67-KK.wav,0,중풍
/content/drive/MyDrive/코딩/새싹해커톤/data/audio/11.중풍/ID-01-11-N-KSC-02-03-M-60-KK.wav,0,중풍
/content/drive/MyDrive/코딩/새싹해커톤/data/audio/11.중풍/ID-01-11-N-HJY-06-01-F-67-KK.wav,0,중풍
/content/drive/MyDrive/코딩/새싹해커톤/data/audio/11.중풍/ID-01-11-N-KSC-02-04-M-60-KK.wav,0,중풍
/content/drive/MyDrive/코딩/새싹해커톤/data/audio/11.중풍/ID-01-11-N-JBH-02-01-M-41-KK.wav,0,중풍
/content/drive/MyDrive/코딩/새싹해커톤/data/audio/11.중풍/ID-01-11-N-KSH-02-01-M-77-KK.wav,0,중풍
/content/drive/MyDrive/코딩/새싹해커톤/data/audio/11.중풍/ID-01-11-N-KSH-02-03-M-77-KK.wav,0,중풍
/content/drive/MyDrive/코딩/새싹해커톤/data/audio/11.중풍/ID-01-11-N-JBJ-02-01-F-75-KK.wav,0,중풍
/content/drive/MyDrive/코딩/새싹해커톤/data/audio/11.중풍/ID-01-11-N-JBJ-02-02-F-75-KK.wav,0,중풍
/content/drive/MyDrive/코딩/새싹해커톤/data/audio/11.중풍/ID-01-11-N-KSH-02-04-M-77-KK.wav,0,중풍
/content/drive/MyDrive/코딩/새싹해커톤/data/audio/11.중풍/ID-01-11-N-KSH-04-M-77-KK.wav,0,중풍
/content/drive/MyDrive/코딩/새싹해커톤/data/audio/11.중풍/ID-01-11-N-JBJ-04-F-75-KK2.wav,0,중풍
/content/drive/MyDrive/코딩/새싹해커톤/data/audio/11.중풍/ID-01-11-N-JBJ-04-F-75-KK3.wav,0,중풍
/content/drive/MyDrive/코딩/새싹해커톤/data/audio/11.중풍/ID-01-11-N-LEH-07-M-58-KK.wav,0,중풍
/content/drive/MyDrive/코딩/새싹해커톤/data/audio/11.중풍/ID-01-11-N-LES-01-01-M-67-KK.wav,0,중풍
/content/drive/MyDrive/코딩/새싹해커톤/data/audio/11.중풍/ID-01-11-N-LES-01-02-M-67-KK.wav,0,중풍
/content/drive/MyDrive/코딩/새싹해커톤/data/audio/11.중풍/ID-01-11-N-LES-01-03-M-67-KK.wav,0,중풍
/content/drive/MyDrive/코딩/새싹해커톤/data/audio/11.중풍/ID-01-11-N-LES-02-01-M-67-KK.wav,0,중풍
/content/drive/MyDrive/코딩/새싹해커톤/data/audio/11.중풍/ID-01-11-N-JBJ-07-F-75-KK.wav,0,중풍
/content/drive/MyDrive/코딩/새싹해커톤/data/audio/11.중풍/ID-01-11-N-LES-02-02-M-67-KK.wav,0,중풍
/content/drive/MyDrive/코딩/새싹해커톤/data/audio/11.중풍/ID-01-11-N-LES-02-03-M-67-KK.wav,0,중풍
/content/drive/MyDrive/코딩/새싹해커톤/data/audio/11.중풍/ID-01-11-N-LES-02-04-M-67-KK.wav,0,중풍
/content/drive/MyDrive/코딩/새싹해커톤/data/audio/11.중풍/ID-01-11-N-LES-03-M-67-KK.wav,0,중풍
/content/drive/MyDrive/코딩/새싹해커톤/data/audio/11.중풍/ID-01-11-N-KBJ-01-01-M-63-KK.wav,0,중풍
/content/drive/MyDrive/코딩/새싹해커톤/data/audio/11.중풍/ID-01-11-N-KJJ-01-02-M-63-KK.wav,0,중풍
/content/drive/MyDrive/코딩/새싹해커톤/data/audio/11.중풍/ID-01-11-N-KBJ-02-01-M-63-KK.wav,0,중풍
/content/drive/MyDrive/코딩/새싹해커톤/data/audio/11.중풍/ID-01-11-N-LES-04-M-67-KK.wav,0,중풍
/content/drive/MyDrive/코딩/새싹해커톤/data/audio/11.중풍/ID-01-11-N-KBJ-02-02-M-63-KK.wav,0,중풍
/content/drive/MyDrive/코딩/새싹해커톤/data/audio/11.중풍/ID-01-11-N-LES-06-02-M-67-KK.wav,0,중풍
/content/drive/MyDrive/코딩/새싹해커톤/data/audio/11.중풍/ID-01-11-N-KBJ-02-04-M-63-KK.wav,0,중풍
/content/drive/MyDrive/코딩/새싹해커톤/data/audio/11.중풍/ID-01-11-N-KBJ-04-M-63-KK.wav,0,중풍
/content/drive/MyDrive/코딩/새싹해커톤/data/audio/11.중풍/ID-01-11-N-KBW-01-01-F-69-SU.wav,0,중풍
/content/drive/MyDrive/코딩/새싹해커톤/data/audio/11.중풍/ID-01-11-N-KBW-01-02-F-69-SU.wav,0,중풍
/content/drive/MyDrive/코딩/새싹해커톤/data/audio/11.중풍/ID-01-11-N-LGJ-04-M-73-KK.wav,0,중풍
/content/drive/MyDrive/코딩/새싹해커톤/data/audio/11.중풍/ID-01-11-N-KBW-01-03-F-69-SU.wav,0,중풍
/content/drive/MyDrive/코딩/새싹해커톤/data/audio/11.중풍/ID-01-11-N-LKH-02-01-M-74-kk.wav,0,중풍
/content/drive/MyDrive/코딩/새싹해커톤/data/audio/11.중풍/ID-01-11-N-KBW-02-01-F-69-SU.wav,0,중풍
/content/drive/MyDrive/코딩/새싹해커톤/data/audio/11.중풍/ID-01-11-N-KBW-02-02-F-69-SU.wav,0,중풍
/content/drive/MyDrive/코딩/새싹해커톤/data/audio/11.중풍/ID-01-11-N-LKH-03-M-74-kk.wav,0,중풍
/content/drive/MyDrive/코딩/새싹해커톤/data/audio/11.중풍/ID-01-11-N-KBW-02-03-F-69-SU.wav,0,중풍
/content/drive/MyDrive/코딩/새싹해커톤/data/audio/11.중풍/ID-01-11-N-KBW-02-04-F-69-SU.wav,0,중풍
/content/drive/MyDrive/코딩/새싹해커톤/data/audio/11.중풍/ID-01-11-N-LKH-06-01-M-74-kk.wav,0,중풍
/content/drive/MyDrive/코딩/새싹해커톤/data/audio/11.중풍/ID-01-11-N-KBW-04-F-69-SU.wav,0,중풍
/content/drive/MyDrive/코딩/새싹해커톤/data/audio/11.중풍/ID-01-11-N-BHR-01-03-F-52-KK.wav,0,중풍
/content/drive/MyDrive/코딩/새싹해커톤/data/audio/11.중풍/ID-01-11-N-KCS-01-02-M-62-KK.wav,0,중풍
/content/drive/MyDrive/코딩/새싹해커톤/data/audio/11.중풍/ID-01-11-N-KCS-03-M-62-KK.wav,0,중풍
/content/drive/MyDrive/코딩/새싹해커톤/data/audio/11.중풍/ID-01-11-N-SDS-01-01-F-84-KK.wav,0,중풍
/content/drive/MyDrive/코딩/새싹해커톤/data/audio/11.중풍/ID-01-11-N-KCS-04-M-62-KK2.wav,0,중풍
/content/drive/MyDrive/코딩/새싹해커톤/data/audio/11.중풍/ID-01-11-N-SDS-01-02-F-84-KK.wav,0,중풍
/content/drive/MyDrive/코딩/새싹해커톤/data/audio/11.중풍/ID-01-11-N-KCS-06-01-M-60-KK3.wav,0,중풍
/content/drive/MyDrive/코딩/새싹해커톤/data/audio/11.중풍/ID-01-11-N-SDS-01-03-F-84-KK.wav,0,중풍
/content/drive/MyDrive/코딩/새싹해커톤/data/audio/11.중풍/ID-01-11-N-SDS-02-01-F-84-KK.wav,0,중풍
/content/drive/MyDrive/코딩/새싹해커톤/data/audio/11.중풍/ID-01-11-N-KES-06-01-F-57-KK.wav,0,중풍
/content/drive/MyDrive/코딩/새싹해커톤/data/audio/11.중풍/ID-01-11-N-SDS-02-02-F-84-KK.wav,0,중풍
/content/drive/MyDrive/코딩/새싹해커톤/data/audio/11.중풍/ID-01-11-N-SDS-02-03-F-84-KK.wav,0,중풍
/content/drive/MyDrive/코딩/새싹해커톤/data/audio/11.중풍/ID-01-11-N-SKS-02-01-M-56-KK.wav,0,중풍
/content/drive/MyDrive/코딩/새싹해커톤/data/audio/11.중풍/ID-01-11-N-SKS-02-02-M-56-KK.wav,0,중풍
/content/drive/MyDrive/코딩/새싹해커톤/data/audio/11.중풍/ID-01-11-N-KES-07-F-57-KK.wav,0,중풍
/content/drive/MyDrive/코딩/새싹해커톤/data/audio/11.중풍/ID-01-11-N-KJG-01-01-M-57-KK.wav,0,중풍
/content/drive/MyDrive/코딩/새싹해커톤/data/audio/11.중풍/ID-01-11-N-SKS-02-03-M-56-KK.wav,0,중풍
/content/drive/MyDrive/코딩/새싹해커톤/data/audio/11.중풍/ID-01-11-N-KJG-01-02-M-57-KK.wav,0,중풍
/content/drive/MyDrive/코딩/새싹해커톤/data/audio/11.중풍/ID-01-11-N-SYH-01-01-F-53-KK.wav,0,중풍
/content/drive/MyDrive/코딩/새싹해커톤/data/audio/11.중풍/ID-01-11-N-SYH-01-02-F-53-KK.wav,0,중풍
/content/drive/MyDrive/코딩/새싹해커톤/data/audio/11.중풍/ID-01-11-N-SYH-02-01-F-53-KK.wav,0,중풍
/content/drive/MyDrive/코딩/새싹해커톤/data/audio/11.중풍/ID-01-11-N-SYH-02-02-F-53-KK.wav,0,중풍
/content/drive/MyDrive/코딩/새싹해커톤/data/audio/11.중풍/ID-01-11-N-KJG-01-03-M-57-KK.wav,0,중풍
/content/drive/MyDrive/코딩/새싹해커톤/data/audio/11.중풍/ID-01-11-N-SYH-03-F-53-KK.wav,0,중풍
/content/drive/MyDrive/코딩/새싹해커톤/data/audio/11.중풍/ID-01-11-N-WGH-02-01-F-72-GW.wav,0,중풍
/content/drive/MyDrive/코딩/새싹해커톤/data/audio/11.중풍/ID-01-11-N-KJG-02-01-M-57-KK.wav,0,중풍
/content/drive/MyDrive/코딩/새싹해커톤/data/audio/11.중풍/ID-01-11-N-WGH-02-02-F-72-GW.wav,0,중풍
/content/drive/MyDrive/코딩/새싹해커톤/data/audio/11.중풍/ID-01-11-N-KJG-02-02-M-57-KK.wav,0,중풍
/content/drive/MyDrive/코딩/새싹해커톤/data/audio/11.중풍/ID-01-11-N-WGH-02-03-F-72-GW.wav,0,중풍
/content/drive/MyDrive/코딩/새싹해커톤/data/audio/11.중풍/ID-01-11-N-KJG-02-03-M-57-KK.wav,0,중풍
/content/drive/MyDrive/코딩/새싹해커톤/data/audio/11.중풍/ID-01-11-N-WGH-02-04-F-72-GW.wav,0,중풍
/content/drive/MyDrive/코딩/새싹해커톤/data/audio/11.중풍/ID-01-11-N-KJG-02-04-M-57-KK.wav,0,중풍
/content/drive/MyDrive/코딩/새싹해커톤/data/audio/11.중풍/ID-01-11-N-KJJ-03-M-63-KK.wav,0,중풍
/content/drive/MyDrive/코딩/새싹해커톤/data/audio/11.중풍/ID-01-11-N-KJM-02-01-M-57-KK.wav,0,중풍
/content/drive/MyDrive/코딩/새싹해커톤/data/audio/11.중풍/ID-01-11-N-WGH-06-01-F-72-GW.wav,0,중풍
/content/drive/MyDrive/코딩/새싹해커톤/data/audio/11.중풍/ID-01-11-N-YHJ-02-01-M-55-SU.wav,0,중풍
/content/drive/MyDrive/코딩/새싹해커톤/data/audio/11.중풍/ID-01-11-N-YHJ-02-02-M-55-SU.wav,0,중풍
/content/drive/MyDrive/코딩/새싹해커톤/data/audio/11.중풍/ID-01-11-N-YHJ-02-03-M-55-SU.wav,0,중풍
/content/drive/MyDrive/코딩/새싹해커톤/data/audio/11.중풍/ID-01-11-N-YHJ-02-04-M-55-SU.wav,0,중풍
/content/drive/MyDrive/코딩/새싹해커톤/data/audio/11.중풍/ID-01-11-N-YHJ-03-M-55-SU.wav,0,중풍
/content/drive/MyDrive/코딩/새싹해커톤/data/audio/11.중풍/ID-01-11-N-YHJ-04-M-55-SU.wav,0,중풍
/content/drive/MyDrive/코딩/새싹해커톤/data/audio/11.중풍/ID-01-11-N-YHJ-06-01-M-55-SU.wav,0,중풍
/content/drive/MyDrive/코딩/새싹해커톤/data/audio/11.중풍/ID-01-11-N-LGS-06-01-F-55-KK5.wav,0,중풍
/content/drive/MyDrive/코딩/새싹해커톤/data/audio/11.중풍/ID-01-11-N-LMS-07-F-57-KK.wav,0,중풍
/content/drive/MyDrive/코딩/새싹해커톤/data/audio/11.중풍/ID-01-11-N-LMS-03-F-56-KK.wav,0,중풍
/content/drive/MyDrive/코딩/새싹해커톤/data/audio/11.중풍/ID-01-11-N-LMS-03-F-56-KK2.wav,0,중풍
/content/drive/MyDrive/코딩/새싹해커톤/data/audio/11.중풍/ID-01-11-N-LMS-06-01-F-56-KK.wav,0,중풍
/content/drive/MyDrive/코딩/새싹해커톤/data/audio/11.중풍/ID-01-11-N-KCS-07-M-62-KK2.wav,0,중풍
/content/drive/MyDrive/코딩/새싹해커톤/data/audio/11.중풍/ID-01-11-N-LKH-01-03-M-74-kk.wav,0,중풍
/content/drive/MyDrive/코딩/새싹해커톤/data/audio/11.중풍/ID-01-11-N-BBD-02-01-M-58-KK2.wav,0,중풍
/content/drive/MyDrive/코딩/새싹해커톤/data/audio/11.중풍/ID-01-11-N-BBD-02-02-M-58-KK2.wav,0,중풍
/content/drive/MyDrive/코딩/새싹해커톤/data/audio/11.중풍/ID-01-11-N-BBD-02-03-M-58-KK2.wav,0,중풍
/content/drive/MyDrive/코딩/새싹해커톤/data/audio/11.중풍/ID-01-11-N-BBD-02-04-M-58-KK2.wav,0,중풍
/content/drive/MyDrive/코딩/새싹해커톤/data/audio/11.중풍/ID-01-11-N-KJO-01-03-M-71-KK2.wav,0,중풍
/content/drive/MyDrive/코딩/새싹해커톤/data/audio/11.중풍/ID-01-11-N-BBD-03-M-58-KK2.wav,0,중풍
/content/drive/MyDrive/코딩/새싹해커톤/data/audio/11.중풍/ID-01-11-N-KJO-02-02-M-71-KK2.wav,0,중풍
/content/drive/MyDrive/코딩/새싹해커톤/data/audio/11.중풍/ID-01-11-N-BBD-04-M-58-KK2.wav,0,중풍
/content/drive/MyDrive/코딩/새싹해커톤/data/audio/11.중풍/ID-01-11-N-KJO-02-03-M-71-KK2.wav,0,중풍
/content/drive/MyDrive/코딩/새싹해커톤/data/audio/11.중풍/ID-01-11-N-KJO-02-04-M-71-KK2.wav,0,중풍
/content/drive/MyDrive/코딩/새싹해커톤/data/audio/11.중풍/ID-01-11-N-KJM-02-01-M-57-KK2.wav,0,중풍
/content/drive/MyDrive/코딩/새싹해커톤/data/audio/11.중풍/ID-01-11-N-KJM-02-02-M-57-KK2.wav,0,중풍
/content/drive/MyDrive/코딩/새싹해커톤/data/audio/11.중풍/ID-01-11-N-KJM-02-03-M-57-KK2.wav,0,중풍
/content/drive/MyDrive/코딩/새싹해커톤/data/audio/11.중풍/ID-01-11-N-KJM-02-04-M-57-KK2.wav,0,중풍
/content/drive/MyDrive/코딩/새싹해커톤/data/audio/11.중풍/ID-01-11-N-YHJ-02-01-M-55-SU2.wav,0,중풍
/content/drive/MyDrive/코딩/새싹해커톤/data/audio/11.중풍/ID-01-11-N-YHJ-02-02-M-55-SU2.wav,0,중풍
/content/drive/MyDrive/코딩/새싹해커톤/data/audio/11.중풍/ID-01-11-N-YHJ-02-03-M-55-SU2.wav,0,중풍
/content/drive/MyDrive/코딩/새싹해커톤/data/audio/11.중풍/ID-01-11-N-YHJ-02-04-M-55-SU2.wav,0,중풍
/content/drive/MyDrive/코딩/새싹해커톤/data/audio/11.중풍/ID-01-11-N-YHJ-03-M-55-SU2.wav,0,중풍
/content/drive/MyDrive/코딩/새싹해커톤/data/audio/11.중풍/ID-01-11-N-HJY-02-01-F-67-KK2.wav,0,중풍
/content/drive/MyDrive/코딩/새싹해커톤/data/audio/11.중풍/ID-01-11-N-HJY-02-02-F-67-KK2.wav,0,중풍
/content/drive/MyDrive/코딩/새싹해커톤/data/audio/11.중풍/ID-01-11-N-KJG-01-01-M-57-KK2.wav,0,중풍
/content/drive/MyDrive/코딩/새싹해커톤/data/audio/11.중풍/ID-01-11-N-YHJ-04-M-55-SU2.wav,0,중풍
/content/drive/MyDrive/코딩/새싹해커톤/data/audio/11.중풍/ID-01-11-N-KJO-01-02-M-71-KK2.wav,0,중풍
/content/drive/MyDrive/코딩/새싹해커톤/data/audio/11.중풍/ID-01-11-N-CCL-02-01-F-70-KK2.wav,0,중풍
/content/drive/MyDrive/코딩/새싹해커톤/data/audio/11.중풍/ID-01-11-N-CCL-02-02-F-70-KK2.wav,0,중풍
/content/drive/MyDrive/코딩/새싹해커톤/data/audio/11.중풍/ID-01-11-N-CCL-02-03-F-70-KK2.wav,0,중풍
/content/drive/MyDrive/코딩/새싹해커톤/data/audio/11.중풍/ID-01-11-N-CCL-02-04-F-70-KK2.wav,0,중풍
/content/drive/MyDrive/코딩/새싹해커톤/data/audio/11.중풍/ID-01-11-N-CCL-03-F-70-KK2.wav,0,중풍
/content/drive/MyDrive/코딩/새싹해커톤/data/audio/11.중풍/ID-01-11-N-KJG-02-01-M-57-KK2.wav,0,중풍
/content/drive/MyDrive/코딩/새싹해커톤/data/audio/11.중풍/ID-01-11-N-KJG-02-02-M-57-KK2.wav,0,중풍
/content/drive/MyDrive/코딩/새싹해커톤/data/audio/11.중풍/ID-01-11-N-KJG-02-03-M-57-KK2.wav,0,중풍
/content/drive/MyDrive/코딩/새싹해커톤/data/audio/11.중풍/ID-01-11-N-KJG-02-04-M-57-KK2.wav,0,중풍
/content/drive/MyDrive/코딩/새싹해커톤/data/audio/11.중풍/ID-01-11-N-KJM-03-M-57-KK2.wav,0,중풍
/content/drive/MyDrive/코딩/새싹해커톤/data/audio/11.중풍/ID-01-11-N-KJM-04-M-57-KK2.wav,0,중풍
/content/drive/MyDrive/코딩/새싹해커톤/data/audio/11.중풍/ID-01-11-N-BHW-01-01-F-67-KK2.wav,0,중풍
/content/drive/MyDrive/코딩/새싹해커톤/data/audio/11.중풍/ID-01-11-N-BHW-01-02-F-67-KK2.wav,0,중풍
/content/drive/MyDrive/코딩/새싹해커톤/data/audio/11.중풍/ID-01-11-N-YHJ-06-01-M-55-SU2.wav,0,중풍
/content/drive/MyDrive/코딩/새싹해커톤/data/audio/11.중풍/ID-01-11-N-BHW-02-04-F-67-KK2.wav,0,중풍
/content/drive/MyDrive/코딩/새싹해커톤/data/audio/11.중풍/ID-01-11-N-CCL-04-F-70-KK2.wav,0,중풍
/content/drive/MyDrive/코딩/새싹해커톤/data/audio/11.중풍/ID-01-11-N-CCL-06-01-F-70-KK2.wav,0,중풍
/content/drive/MyDrive/코딩/새싹해커톤/data/audio/11.중풍/ID-01-11-N-KSC-03-M-60-KK.wav,0,중풍
/content/drive/MyDrive/코딩/새싹해커톤/data/audio/15.기타 및 복합/ID-01-15-N-LSK-01-02-M-79-KK2.wav,1,기타 및 복합
/content/drive/MyDrive/코딩/새싹해커톤/data/audio/15.기타 및 복합/ID-01-15-N-LSK-02-03-M-79-KK.wav,1,기타 및 복합
/content/drive/MyDrive/코딩/새싹해커톤/data/audio/15.기타 및 복합/ID-01-15-N-LSK-02-02-M-79-KK.wav,1,기타 및 복합
/content/drive/MyDrive/코딩/새싹해커톤/data/audio/15.기타 및 복합/ID-01-15-N-LSK-02-01-M-79-KK2.wav,1,기타 및 복합
/content/drive/MyDrive/코딩/새싹해커톤/data/audio/15.기타 및 복합/ID-01-15-N-LSK-02-01-M-79-KK.wav,1,기타 및 복합
/content/drive/MyDrive/코딩/새싹해커톤/data/audio/15.기타 및 복합/ID-01-15-N-LSK-04-1000-M-79-KK.wav,1,기타 및 복합
/content/drive/MyDrive/코딩/새싹해커톤/data/audio/15.기타 및 복합/ID-01-15-N-LSK-02-04-M-79-KK2.wav,1,기타 및 복합
/content/drive/MyDrive/코딩/새싹해커톤/data/audio/15.기타 및 복합/ID-01-15-N-LSK-02-04-M-79-KK.wav,1,기타 및 복합
/content/drive/MyDrive/코딩/새싹해커톤/data/audio/15.기타 및 복합/ID-01-15-N-LSK-02-03-M-79-KK2.wav,1,기타 및 복합
/content/drive/MyDrive/코딩/새싹해커톤/data/audio/15.기타 및 복합/ID-01-15-N-LSK-04-8000-M-79-KK.wav,1,기타 및 복합
/content/drive/MyDrive/코딩/새싹해커톤/data/audio/15.기타 및 복합/ID-01-15-N-LSK-04-7000-M-79-KK.wav,1,기타 및 복합
/content/drive/MyDrive/코딩/새싹해커톤/data/audio/15.기타 및 복합/ID-01-15-N-LSK-04-6000-M-79-KK.wav,1,기타 및 복합
/content/drive/MyDrive/코딩/새싹해커톤/data/audio/15.기타 및 복합/ID-01-15-N-LSK-04-5000-M-79-KK.wav,1,기타 및 복합
/content/drive/MyDrive/코딩/새싹해커톤/data/audio/15.기타 및 복합/ID-01-15-N-LSK-04-4000-M-79-KK.wav,1,기타 및 복합
/content/drive/MyDrive/코딩/새싹해커톤/data/audio/15.기타 및 복합/ID-01-15-N-LSK-04-3000-M-79-KK.wav,1,기타 및 복합
/content/drive/MyDrive/코딩/새싹해커톤/data/audio/15.기타 및 복합/ID-01-15-N-LSK-04-2000-M-79-KK.wav,1,기타 및 복합
/content/drive/MyDrive/코딩/새싹해커톤/data/audio/15.기타 및 복합/ID-01-15-N-LSR-03-F-66-KK3.wav,1,기타 및 복합
/content/drive/MyDrive/코딩/새싹해커톤/data/audio/15.기타 및 복합/ID-01-15-N-LSR-02-02-F-66-KK3.wav,1,기타 및 복합
/content/drive/MyDrive/코딩/새싹해커톤/data/audio/15.기타 및 복합/ID-01-15-N-LSR-01-02-F-66-KK3.wav,1,기타 및 복합
/content/drive/MyDrive/코딩/새싹해커톤/data/audio/15.기타 및 복합/ID-01-15-N-LSK-04-9000-M-79-KK.wav,1,기타 및 복합
/content/drive/MyDrive/코딩/새싹해커톤/data/audio/15.기타 및 복합/ID-01-15-N-HSH-02-04-F-76-KK.wav,1,기타 및 복합
/content/drive/MyDrive/코딩/새싹해커톤/data/audio/15.기타 및 복합/ID-01-15-N-HWS-01-03-F-70-KK.wav,1,기타 및 복합
/content/drive/MyDrive/코딩/새싹해커톤/data/audio/15.기타 및 복합/ID-01-15-N-KJS-02-03-F-80-KK.wav,1,기타 및 복합
/content/drive/MyDrive/코딩/새싹해커톤/data/audio/15.기타 및 복합/ID-01-15-N-KEH-01-03-M-74-KK2.wav,1,기타 및 복합
/content/drive/MyDrive/코딩/새싹해커톤/data/audio/15.기타 및 복합/ID-01-15-N-KEH-02-03-M-74-KK2.wav,1,기타 및 복합
/content/drive/MyDrive/코딩/새싹해커톤/data/audio/15.기타 및 복합/ID-01-15-N-JYO-02-02-M-80-KK.wav,1,기타 및 복합
/content/drive/MyDrive/코딩/새싹해커톤/data/audio/15.기타 및 복합/ID-01-15-N-ISR-01-03-F-66-KK.wav,1,기타 및 복합
/content/drive/MyDrive/코딩/새싹해커톤/data/audio/15.기타 및 복합/ID-01-15-N-KMH-02-03-F-79-KK.wav,1,기타 및 복합
/content/drive/MyDrive/코딩/새싹해커톤/data/audio/15.기타 및 복합/ID-01-15-N-ISR-01-02-F-66-KK.wav,1,기타 및 복합
/content/drive/MyDrive/코딩/새싹해커톤/data/audio/15.기타 및 복합/ID-01-15-N-KEH-01-02-M-74-KK2.wav,1,기타 및 복합
/content/drive/MyDrive/코딩/새싹해커톤/data/audio/15.기타 및 복합/ID-01-15-N-CMJ-06-01-F-85-KK.wav,1,기타 및 복합
/content/drive/MyDrive/코딩/새싹해커톤/data/audio/15.기타 및 복합/ID-01-15-N-HCJ-01-02-F-78-KK.wav,1,기타 및 복합
/content/drive/MyDrive/코딩/새싹해커톤/data/audio/15.기타 및 복합/ID-01-15-N-JYO-07-M-80-KK.wav,1,기타 및 복합
/content/drive/MyDrive/코딩/새싹해커톤/data/audio/15.기타 및 복합/ID-01-15-N-HWS-01-02-F-70-KK.wav,1,기타 및 복합
/content/drive/MyDrive/코딩/새싹해커톤/data/audio/15.기타 및 복합/ID-01-15-N-HSH-01-02-F-76-KK.wav,1,기타 및 복합
/content/drive/MyDrive/코딩/새싹해커톤/data/audio/15.기타 및 복합/ID-01-15-N-KMH-01-02-F-79-KK.wav,1,기타 및 복합
/content/drive/MyDrive/코딩/새싹해커톤/data/audio/15.기타 및 복합/ID-01-15-N-KMH-02-02-F-79-KK.wav,1,기타 및 복합
/content/drive/MyDrive/코딩/새싹해커톤/data/audio/15.기타 및 복합/ID-01-15-N-KJS-01-02-F-80-KK.wav,1,기타 및 복합
/content/drive/MyDrive/코딩/새싹해커톤/data/audio/15.기타 및 복합/ID-01-15-N-KJS-02-02-F-80-KK.wav,1,기타 및 복합
/content/drive/MyDrive/코딩/새싹해커톤/data/audio/15.기타 및 복합/ID-01-15-N-LHK-01-02-F-83-KK.wav,1,기타 및 복합
/content/drive/MyDrive/코딩/새싹해커톤/data/audio/15.기타 및 복합/ID-01-15-N-KKJ-04-1000-F-68-KK.wav,1,기타 및 복합
/content/drive/MyDrive/코딩/새싹해커톤/data/audio/15.기타 및 복합/ID-01-15-N-KKJ-04-2000-F-68-KK.wav,1,기타 및 복합
/content/drive/MyDrive/코딩/새싹해커톤/data/audio/15.기타 및 복합/ID-01-15-N-KKJ-04-3000-F-68-KK.wav,1,기타 및 복합
/content/drive/MyDrive/코딩/새싹해커톤/data/audio/15.기타 및 복합/ID-01-15-N-KKJ-04-4000-F-68-KK.wav,1,기타 및 복합
/content/drive/MyDrive/코딩/새싹해커톤/data/audio/15.기타 및 복합/ID-01-15-N-KKJ-04-6000-F-68-KK.wav,1,기타 및 복합
/content/drive/MyDrive/코딩/새싹해커톤/data/audio/15.기타 및 복합/ID-01-15-N-KKJ-04-5000-F-68-KK.wav,1,기타 및 복합
/content/drive/MyDrive/코딩/새싹해커톤/data/audio/15.기타 및 복합/ID-01-15-N-KKJ-04-8000-F-68-KK.wav,1,기타 및 복합
/content/drive/MyDrive/코딩/새싹해커톤/data/audio/15.기타 및 복합/ID-01-15-N-KKJ-04-9000-F-68-KK.wav,1,기타 및 복합
/content/drive/MyDrive/코딩/새싹해커톤/data/audio/15.기타 및 복합/ID-01-15-N-KKJ-04-7000-F-68-KK.wav,1,기타 및 복합
/content/drive/MyDrive/코딩/새싹해커톤/data/audio/15.기타 및 복합/ID-01-15-N-LSR-06-01-F-66-KK3.wav,1,기타 및 복합
/content/drive/MyDrive/코딩/새싹해커톤/data/audio/15.기타 및 복합/ID-01-15-N-BCS-04-4000-F-65-KK.wav,1,기타 및 복합
/content/drive/MyDrive/코딩/새싹해커톤/data/audio/15.기타 및 복합/ID-01-15-N-BCS-04-2000-F-65-KK.wav,1,기타 및 복합
/content/drive/MyDrive/코딩/새싹해커톤/data/audio/15.기타 및 복합/ID-01-15-N-BCS-04-1000-F-65-KK.wav,1,기타 및 복합
/content/drive/MyDrive/코딩/새싹해커톤/data/audio/15.기타 및 복합/ID-01-15-N-BCS-04-3000-F-65-KK.wav,1,기타 및 복합
/content/drive/MyDrive/코딩/새싹해커톤/data/audio/15.기타 및 복합/ID-01-15-N-BCS-04-9000-F-65-KK.wav,1,기타 및 복합
/content/drive/MyDrive/코딩/새싹해커톤/data/audio/15.기타 및 복합/ID-01-15-N-BCS-04-5000-F-65-KK.wav,1,기타 및 복합
/content/drive/MyDrive/코딩/새싹해커톤/data/audio/15.기타 및 복합/ID-01-15-N-BCS-04-8000-F-65-KK.wav,1,기타 및 복합
/content/drive/MyDrive/코딩/새싹해커톤/data/audio/15.기타 및 복합/ID-01-15-N-BCS-04-7000-F-65-KK.wav,1,기타 및 복합
/content/drive/MyDrive/코딩/새싹해커톤/data/audio/15.기타 및 복합/ID-01-15-N-BCS-04-6000-F-65-KK.wav,1,기타 및 복합
/content/drive/MyDrive/코딩/새싹해커톤/data/audio/15.기타 및 복합/ID-01-15-N-HSH-04-1000-M-72-KK.wav,1,기타 및 복합
/content/drive/MyDrive/코딩/새싹해커톤/data/audio/15.기타 및 복합/ID-01-15-N-HSH-04-9000-M-72-KK.wav,1,기타 및 복합
/content/drive/MyDrive/코딩/새싹해커톤/data/audio/15.기타 및 복합/ID-01-15-N-HSH-04-8000-M-72-KK.wav,1,기타 및 복합
/content/drive/MyDrive/코딩/새싹해커톤/data/audio/15.기타 및 복합/ID-01-15-N-HSH-04-2000-M-72-KK.wav,1,기타 및 복합
/content/drive/MyDrive/코딩/새싹해커톤/data/audio/15.기타 및 복합/ID-01-15-N-HSH-04-3000-M-72-KK.wav,1,기타 및 복합
/content/drive/MyDrive/코딩/새싹해커톤/data/audio/15.기타 및 복합/ID-01-15-N-HSH-04-5000-M-72-KK.wav,1,기타 및 복합
/content/drive/MyDrive/코딩/새싹해커톤/data/audio/15.기타 및 복합/ID-01-15-N-HSH-04-4000-M-72-KK.wav,1,기타 및 복합
/content/drive/MyDrive/코딩/새싹해커톤/data/audio/15.기타 및 복합/ID-01-15-N-HSH-04-6000-M-72-KK.wav,1,기타 및 복합
/content/drive/MyDrive/코딩/새싹해커톤/data/audio/15.기타 및 복합/ID-01-15-N-HSH-04-7000-M-72-KK.wav,1,기타 및 복합
/content/drive/MyDrive/코딩/새싹해커톤/data/audio/15.기타 및 복합/ID-01-15-N-KKJ-01-03-2-F-68-KK.wav,1,기타 및 복합
/content/drive/MyDrive/코딩/새싹해커톤/data/audio/15.기타 및 복합/ID-01-15-N-KKJ-01-03-1-F-68-KK.wav,1,기타 및 복합
/content/drive/MyDrive/코딩/새싹해커톤/data/audio/15.기타 및 복합/ID-01-15-N-CMJ-04-1000-F-85-KK.wav,1,기타 및 복합
/content/drive/MyDrive/코딩/새싹해커톤/data/audio/15.기타 및 복합/ID-01-15-N-CMJ-04-5000-F-85-KK.wav,1,기타 및 복합
/content/drive/MyDrive/코딩/새싹해커톤/data/audio/15.기타 및 복합/ID-01-15-N-CMJ-04-8000-F-85-KK.wav,1,기타 및 복합
/content/drive/MyDrive/코딩/새싹해커톤/data/audio/15.기타 및 복합/ID-01-15-N-CMJ-04-7000-F-85-KK.wav,1,기타 및 복합
/content/drive/MyDrive/코딩/새싹해커톤/data/audio/15.기타 및 복합/ID-01-15-N-CMJ-04-3000-F-85-KK.wav,1,기타 및 복합
/content/drive/MyDrive/코딩/새싹해커톤/data/audio/15.기타 및 복합/ID-01-15-N-CMJ-04-6000-F-85-KK.wav,1,기타 및 복합
/content/drive/MyDrive/코딩/새싹해커톤/data/audio/15.기타 및 복합/ID-01-15-N-CMJ-04-9000-F-85-KK.wav,1,기타 및 복합
/content/drive/MyDrive/코딩/새싹해커톤/data/audio/15.기타 및 복합/ID-01-15-N-CMJ-04-4000-F-85-KK.wav,1,기타 및 복합
/content/drive/MyDrive/코딩/새싹해커톤/data/audio/15.기타 및 복합/ID-01-15-N-CMJ-04-2000-F-85-KK.wav,1,기타 및 복합
/content/drive/MyDrive/코딩/새싹해커톤/data/audio/15.기타 및 복합/ID-01-15-N-LHK-02-04-F-83-KK.wav,1,기타 및 복합
/content/drive/MyDrive/코딩/새싹해커톤/data/audio/15.기타 및 복합/ID-01-15-N-LHK-04-6000-F-83-KK.wav,1,기타 및 복합
/content/drive/MyDrive/코딩/새싹해커톤/data/audio/15.기타 및 복합/ID-01-15-N-LHK-04-4000-F-83-KK.wav,1,기타 및 복합
/content/drive/MyDrive/코딩/새싹해커톤/data/audio/15.기타 및 복합/ID-01-15-N-LHK-04-2000-F-83-KK.wav,1,기타 및 복합
/content/drive/MyDrive/코딩/새싹해커톤/data/audio/15.기타 및 복합/ID-01-15-N-LHK-04-5000-F-83-KK.wav,1,기타 및 복합
/content/drive/MyDrive/코딩/새싹해커톤/data/audio/15.기타 및 복합/ID-01-15-N-LHK-04-3000-F-83-KK.wav,1,기타 및 복합
/content/drive/MyDrive/코딩/새싹해커톤/data/audio/15.기타 및 복합/ID-01-15-N-LHK-04-1000-F-83-KK.wav,1,기타 및 복합
/content/drive/MyDrive/코딩/새싹해커톤/data/audio/15.기타 및 복합/ID-01-15-N-LHK-04-7000-F-83-KK.wav,1,기타 및 복합
/content/drive/MyDrive/코딩/새싹해커톤/data/audio/15.기타 및 복합/ID-01-15-N-LHK-04-8000-F-83-KK.wav,1,기타 및 복합
/content/drive/MyDrive/코딩/새싹해커톤/data/audio/15.기타 및 복합/ID-01-15-N-LHK-04-9000-F-83-KK.wav,1,기타 및 복합
/content/drive/MyDrive/코딩/새싹해커톤/data/audio/15.기타 및 복합/ID-01-15-N-CYZ-06-01-F-65-KK2.wav,1,기타 및 복합
/content/drive/MyDrive/코딩/새싹해커톤/data/audio/15.기타 및 복합/ID-01-15-N-CYZ-06-01-F-65-KK.wav,1,기타 및 복합
/content/drive/MyDrive/코딩/새싹해커톤/data/audio/15.기타 및 복합/ID-01-15-N-JBH-01-02-F-79-KK.wav,1,기타 및 복합
/content/drive/MyDrive/코딩/새싹해커톤/data/audio/15.기타 및 복합/ID-01-15-N-KSJ-01-02-M-74-KK.wav,1,기타 및 복합
/content/drive/MyDrive/코딩/새싹해커톤/data/audio/15.기타 및 복합/ID-01-15-N-LGB-07-M-80-KK.wav,1,기타 및 복합
/content/drive/MyDrive/코딩/새싹해커톤/data/audio/15.기타 및 복합/ID-01-15-N-JWD-01-03-M-74-KK.wav,1,기타 및 복합
/content/drive/MyDrive/코딩/새싹해커톤/data/audio/15.기타 및 복합/ID-01-15-N-LKE-07-M-66-KK2.wav,1,기타 및 복합
/content/drive/MyDrive/코딩/새싹해커톤/data/audio/15.기타 및 복합/ID-01-15-N-JYO-02-03-M-80-KK.wav,1,기타 및 복합
/content/drive/MyDrive/코딩/새싹해커톤/data/audio/15.기타 및 복합/ID-01-15-N-KEJ-07-F-67-KK.wav,1,기타 및 복합
/content/drive/MyDrive/코딩/새싹해커톤/data/audio/15.기타 및 복합/ID-01-15-N-KSJ-07-M-74-KK.wav,1,기타 및 복합
/content/drive/MyDrive/코딩/새싹해커톤/data/audio/15.기타 및 복합/ID-01-15-N-KLY-06-01-F-68-KK.wav,1,기타 및 복합
/content/drive/MyDrive/코딩/새싹해커톤/data/audio/15.기타 및 복합/ID-01-15-N-KKJ-01-02-F-68-KK.wav,1,기타 및 복합
/content/drive/MyDrive/코딩/새싹해커톤/data/audio/15.기타 및 복합/ID-01-15-N-KKS-01-03-M-67-SU.wav,1,기타 및 복합
/content/drive/MyDrive/코딩/새싹해커톤/data/audio/15.기타 및 복합/ID-01-15-N-HSH-01-02-M-72-KK.wav,1,기타 및 복합
/content/drive/MyDrive/코딩/새싹해커톤/data/audio/15.기타 및 복합/ID-01-15-N-LHY-07-F-83-KK.wav,1,기타 및 복합
/content/drive/MyDrive/코딩/새싹해커톤/data/audio/15.기타 및 복합/ID-01-15-N-KKS-02-02-M-67-SU.wav,1,기타 및 복합
/content/drive/MyDrive/코딩/새싹해커톤/data/audio/15.기타 및 복합/ID-01-15-N-KKS-01-03-M-67-SU2.wav,1,기타 및 복합
/content/drive/MyDrive/코딩/새싹해커톤/data/audio/15.기타 및 복합/ID-01-15-N-KKS-02-02-M-67-SU2.wav,1,기타 및 복합
/content/drive/MyDrive/코딩/새싹해커톤/data/audio/15.기타 및 복합/ID-01-15-N-KKS-02-04-M-67-SU2.wav,1,기타 및 복합
/content/drive/MyDrive/코딩/새싹해커톤/data/audio/15.기타 및 복합/ID-01-15-N-KKS-04-M-67-SU.wav,1,기타 및 복합
/content/drive/MyDrive/코딩/새싹해커톤/data/audio/15.기타 및 복합/ID-01-15-N-KMH-02-04-F-79-KK.wav,1,기타 및 복합
/content/drive/MyDrive/코딩/새싹해커톤/data/audio/15.기타 및 복합/ID-01-15-N-HYJ-06-01-F-79-KK.wav,1,기타 및 복합
/content/drive/MyDrive/코딩/새싹해커톤/data/audio/15.기타 및 복합/ID-01-15-N-KWC-01-01-F-74-KK.wav,1,기타 및 복합
/content/drive/MyDrive/코딩/새싹해커톤/data/audio/15.기타 및 복합/ID-01-15-N-KSJ-01-03-M-74-KK.wav,1,기타 및 복합
/content/drive/MyDrive/코딩/새싹해커톤/data/audio/15.기타 및 복합/ID-01-15-N-KWC-01-02-F-74-KK.wav,1,기타 및 복합
/content/drive/MyDrive/코딩/새싹해커톤/data/audio/15.기타 및 복합/ID-01-15-N-KSJ-02-03-M-74-KK.wav,1,기타 및 복합
/content/drive/MyDrive/코딩/새싹해커톤/data/audio/15.기타 및 복합/ID-01-15-N-KYG-04-M-73-KK2.wav,1,기타 및 복합
/content/drive/MyDrive/코딩/새싹해커톤/data/audio/15.기타 및 복합/ID-01-15-N-CYZ-02-03-F-65-KK2.wav,1,기타 및 복합
/content/drive/MyDrive/코딩/새싹해커톤/data/audio/15.기타 및 복합/ID-01-15-N-CYZ-02-04-F-65-KK2.wav,1,기타 및 복합
/content/drive/MyDrive/코딩/새싹해커톤/data/audio/15.기타 및 복합/ID-01-15-N-BYJ-07-F-80-KK.wav,1,기타 및 복합
/content/drive/MyDrive/코딩/새싹해커톤/data/audio/15.기타 및 복합/ID-01-15-N-BJC-01-01-M-53-KK.wav,1,기타 및 복합
/content/drive/MyDrive/코딩/새싹해커톤/data/audio/15.기타 및 복합/ID-01-15-N-KMH-01-03-F-79-KK.wav,1,기타 및 복합
/content/drive/MyDrive/코딩/새싹해커톤/data/audio/15.기타 및 복합/ID-01-15-N-BCS-02-02-F-65-KK.wav,1,기타 및 복합
/content/drive/MyDrive/코딩/새싹해커톤/data/audio/15.기타 및 복합/ID-01-15-N-KKJ-01-03-3-F-68-KK.wav,1,기타 및 복합
/content/drive/MyDrive/코딩/새싹해커톤/data/audio/15.기타 및 복합/ID-01-15-N-BCS-07-F-65-KK.wav,1,기타 및 복합
/content/drive/MyDrive/코딩/새싹해커톤/data/audio/15.기타 및 복합/ID-01-15-N-BCS-02-03-F-65-KK.wav,1,기타 및 복합
/content/drive/MyDrive/코딩/새싹해커톤/data/audio/15.기타 및 복합/ID-01-15-N-BCS-02-04-F-65-KK.wav,1,기타 및 복합
/content/drive/MyDrive/코딩/새싹해커톤/data/audio/15.기타 및 복합/ID-01-15-N-GMG-07-F-75-KK.wav,1,기타 및 복합
/content/drive/MyDrive/코딩/새싹해커톤/data/audio/15.기타 및 복합/ID-01-15-N-KWC-07-F-74-KK.wav,1,기타 및 복합
/content/drive/MyDrive/코딩/새싹해커톤/data/audio/15.기타 및 복합/ID-01-15-N-BJC-04-M-53-KK.wav,1,기타 및 복합
/content/drive/MyDrive/코딩/새싹해커톤/data/audio/15.기타 및 복합/ID-01-15-N-LKE-06-01-M-66-KK.wav,1,기타 및 복합
/content/drive/MyDrive/코딩/새싹해커톤/data/audio/15.기타 및 복합/ID-01-15-N-ISR-06-01-F-66-KK.wav,1,기타 및 복합
/content/drive/MyDrive/코딩/새싹해커톤/data/audio/15.기타 및 복합/ID-01-15-N-HSH-06-01-F-76-KK.wav,1,기타 및 복합
/content/drive/MyDrive/코딩/새싹해커톤/data/audio/15.기타 및 복합/ID-01-15-N-EUS-02-03-M-24-KK.wav,1,기타 및 복합
/content/drive/MyDrive/코딩/새싹해커톤/data/audio/15.기타 및 복합/ID-01-15-N-ETS-03-M-67-KK.wav,1,기타 및 복합
/content/drive/MyDrive/코딩/새싹해커톤/data/audio/15.기타 및 복합/ID-01-15-N-ETS-06-01-M-67-KK.wav,1,기타 및 복합
/content/drive/MyDrive/코딩/새싹해커톤/data/audio/15.기타 및 복합/ID-01-15-N-HSH-06-02-F-76-KK.wav,1,기타 및 복합
/content/drive/MyDrive/코딩/새싹해커톤/data/audio/15.기타 및 복합/ID-01-15-N-BCS-06-02-F-65-KK.wav,1,기타 및 복합
/content/drive/MyDrive/코딩/새싹해커톤/data/audio/15.기타 및 복합/ID-01-15-N-KMH-03-F-79-KK.wav,1,기타 및 복합
/content/drive/MyDrive/코딩/새싹해커톤/data/audio/15.기타 및 복합/ID-01-15-N-KWC-03-F-74-KK.wav,1,기타 및 복합
/content/drive/MyDrive/코딩/새싹해커톤/data/audio/15.기타 및 복합/ID-01-15-N-CYZ-03-F-65-KK.wav,1,기타 및 복합
/content/drive/MyDrive/코딩/새싹해커톤/data/audio/15.기타 및 복합/ID-01-15-N-CYZ-03-F-65-KK2.wav,1,기타 및 복합
/content/drive/MyDrive/코딩/새싹해커톤/data/audio/15.기타 및 복합/ID-01-15-N-BJC-03-M-53-KK.wav,1,기타 및 복합
/content/drive/MyDrive/코딩/새싹해커톤/data/audio/15.기타 및 복합/ID-01-15-N-KYG-03-M-73-KK2.wav,1,기타 및 복합
/content/drive/MyDrive/코딩/새싹해커톤/data/audio/15.기타 및 복합/ID-01-15-N-HYJ-03-F-79-KK.wav,1,기타 및 복합
/content/drive/MyDrive/코딩/새싹해커톤/data/audio/15.기타 및 복합/ID-01-15-N-KTO-07-F-75-KK.wav,1,기타 및 복합
/content/drive/MyDrive/코딩/새싹해커톤/data/audio/15.기타 및 복합/ID-01-15-N-HBS-03-F-67-CC.wav,1,기타 및 복합
/content/drive/MyDrive/코딩/새싹해커톤/data/audio/15.기타 및 복합/ID-01-15-N-JYO-03-M-80-KK.wav,1,기타 및 복합
/content/drive/MyDrive/코딩/새싹해커톤/data/audio/15.기타 및 복합/ID-01-15-N-CMJ-01-01-F-85-KK.wav,1,기타 및 복합
/content/drive/MyDrive/코딩/새싹해커톤/data/audio/15.기타 및 복합/ID-01-15-N-CMJ-01-02-F-85-KK.wav,1,기타 및 복합
/content/drive/MyDrive/코딩/새싹해커톤/data/audio/15.기타 및 복합/ID-01-15-N-LSG-02-02-M-66-KK.wav,1,기타 및 복합
/content/drive/MyDrive/코딩/새싹해커톤/data/audio/15.기타 및 복합/ID-01-15-N-LSG-01-01-M-66-KK.wav,1,기타 및 복합
/content/drive/MyDrive/코딩/새싹해커톤/data/audio/15.기타 및 복합/ID-01-15-N-LSG-01-02-M-66-KK.wav,1,기타 및 복합
/content/drive/MyDrive/코딩/새싹해커톤/data/audio/15.기타 및 복합/ID-01-15-N-LSG-02-03-M-66-KK.wav,1,기타 및 복합
/content/drive/MyDrive/코딩/새싹해커톤/data/audio/15.기타 및 복합/ID-01-15-N-LSG-02-01-M-66-KK.wav,1,기타 및 복합
/content/drive/MyDrive/코딩/새싹해커톤/data/audio/15.기타 및 복합/ID-01-15-N-LSG-01-03-M-66-KK.wav,1,기타 및 복합
/content/drive/MyDrive/코딩/새싹해커톤/data/audio/15.기타 및 복합/ID-01-15-N-LSG-02-04-M-66-KK.wav,1,기타 및 복합
/content/drive/MyDrive/코딩/새싹해커톤/data/audio/15.기타 및 복합/ID-01-15-N-KDR-06-02-F-74-KK.wav,1,기타 및 복합
/content/drive/MyDrive/코딩/새싹해커톤/data/audio/15.기타 및 복합/ID-01-15-N-KSH-01-02-F-59-KK.wav,1,기타 및 복합
/content/drive/MyDrive/코딩/새싹해커톤/data/audio/15.기타 및 복합/ID-01-15-N-KSH-02-02-F-59-KK.wav,1,기타 및 복합
/content/drive/MyDrive/코딩/새싹해커톤/data/audio/15.기타 및 복합/ID-01-15-N-KSH-01-01-F-59-KK.wav,1,기타 및 복합
/content/drive/MyDrive/코딩/새싹해커톤/data/audio/15.기타 및 복합/ID-01-15-N-KSH-01-03-F-59-KK.wav,1,기타 및 복합
/content/drive/MyDrive/코딩/새싹해커톤/data/audio/15.기타 및 복합/ID-01-15-N-KSH-02-04-F-59-KK.wav,1,기타 및 복합
/content/drive/MyDrive/코딩/새싹해커톤/data/audio/15.기타 및 복합/ID-01-15-N-KSH-04-F-59-KK.wav,1,기타 및 복합
/content/drive/MyDrive/코딩/새싹해커톤/data/audio/15.기타 및 복합/ID-01-15-N-JWD-01-02-M-74-KK.wav,1,기타 및 복합
/content/drive/MyDrive/코딩/새싹해커톤/data/audio/15.기타 및 복합/ID-01-15-N-JWD-01-02-M-74-KK_4.wav,1,기타 및 복합
/content/drive/MyDrive/코딩/새싹해커톤/data/audio/15.기타 및 복합/ID-01-15-N-JWD-02-01-M-74-KK.wav,1,기타 및 복합
/content/drive/MyDrive/코딩/새싹해커톤/data/audio/15.기타 및 복합/ID-01-15-N-JWD-02-01-M-74-KK_2.wav,1,기타 및 복합
/content/drive/MyDrive/코딩/새싹해커톤/data/audio/15.기타 및 복합/ID-01-15-N-JWD-02-01-M-74-KK_4.wav,1,기타 및 복합
/content/drive/MyDrive/코딩/새싹해커톤/data/audio/15.기타 및 복합/ID-01-15-N-JWD-02-02-M-74-KK.wav,1,기타 및 복합
/content/drive/MyDrive/코딩/새싹해커톤/data/audio/15.기타 및 복합/ID-01-15-N-JWD-02-02-M-74-KK_2.wav,1,기타 및 복합
/content/drive/MyDrive/코딩/새싹해커톤/data/audio/15.기타 및 복합/ID-01-15-N-JWD-02-02-M-74-KK_4.wav,1,기타 및 복합
/content/drive/MyDrive/코딩/새싹해커톤/data/audio/15.기타 및 복합/ID-01-15-N-LHJ-03-F-79-KK.wav,1,기타 및 복합
/content/drive/MyDrive/코딩/새싹해커톤/data/audio/15.기타 및 복합/ID-01-15-N-CJJ-02-01-F-78-KK.wav,1,기타 및 복합
/content/drive/MyDrive/코딩/새싹해커톤/data/audio/15.기타 및 복합/ID-01-15-N-CJJ-02-02-F-78-KK.wav,1,기타 및 복합
/content/drive/MyDrive/코딩/새싹해커톤/data/audio/15.기타 및 복합/ID-01-15-N-CJJ-02-03-F-78-KK.wav,1,기타 및 복합
/content/drive/MyDrive/코딩/새싹해커톤/data/audio/15.기타 및 복합/ID-01-15-N-JWD-02-03-M-74-KK.wav,1,기타 및 복합
/content/drive/MyDrive/코딩/새싹해커톤/data/audio/15.기타 및 복합/ID-01-15-N-JWD-02-03-M-74-KK_2.wav,1,기타 및 복합
/content/drive/MyDrive/코딩/새싹해커톤/data/audio/15.기타 및 복합/ID-01-15-N-JWD-02-03-M-74-KK_4.wav,1,기타 및 복합
/content/drive/MyDrive/코딩/새싹해커톤/data/audio/15.기타 및 복합/ID-01-15-N-JWD-02-04-M-74-KK.wav,1,기타 및 복합
/content/drive/MyDrive/코딩/새싹해커톤/data/audio/15.기타 및 복합/ID-01-15-N-ENS-02-01-F-66-KK3.wav,1,기타 및 복합
/content/drive/MyDrive/코딩/새싹해커톤/data/audio/15.기타 및 복합/ID-01-15-N-JWD-02-04-M-74-KK_2.wav,1,기타 및 복합
/content/drive/MyDrive/코딩/새싹해커톤/data/audio/15.기타 및 복합/ID-01-15-N-ENS-02-03-F-66-KK3.wav,1,기타 및 복합
/content/drive/MyDrive/코딩/새싹해커톤/data/audio/15.기타 및 복합/ID-01-15-N-JWD-02-04-M-74-KK_4.wav,1,기타 및 복합
/content/drive/MyDrive/코딩/새싹해커톤/data/audio/15.기타 및 복합/ID-01-15-N-ENS-02-04-F-66-KK3.wav,1,기타 및 복합
/content/drive/MyDrive/코딩/새싹해커톤/data/audio/15.기타 및 복합/ID-01-15-N-ENS-06-01-F-66-KK3.wav,1,기타 및 복합
/content/drive/MyDrive/코딩/새싹해커톤/data/audio/15.기타 및 복합/ID-01-15-N-ENS-06-02-F-66-KK3.wav,1,기타 및 복합
/content/drive/MyDrive/코딩/새싹해커톤/data/audio/15.기타 및 복합/ID-01-15-N-ENS-07-F-66-KK3.wav,1,기타 및 복합
/content/drive/MyDrive/코딩/새싹해커톤/data/audio/15.기타 및 복합/ID-01-15-N-JYE-01-01-F-84-KK.wav,1,기타 및 복합
/content/drive/MyDrive/코딩/새싹해커톤/data/audio/15.기타 및 복합/ID-01-15-N-JYE-01-02-F-84-KK.wav,1,기타 및 복합
/content/drive/MyDrive/코딩/새싹해커톤/data/audio/15.기타 및 복합/ID-01-15-N-JYE-01-03-F-84-KK.wav,1,기타 및 복합
/content/drive/MyDrive/코딩/새싹해커톤/data/audio/15.기타 및 복합/ID-01-15-N-JYE-02-03-F-84-KK.wav,1,기타 및 복합
/content/drive/MyDrive/코딩/새싹해커톤/data/audio/15.기타 및 복합/ID-01-15-N-HYJ-01-01-F-79-KK.wav,1,기타 및 복합
/content/drive/MyDrive/코딩/새싹해커톤/data/audio/15.기타 및 복합/ID-01-15-N-HYJ-01-02-F-79-KK.wav,1,기타 및 복합
/content/drive/MyDrive/코딩/새싹해커톤/data/audio/15.기타 및 복합/ID-01-15-N-LSG-04-M-66-KK.wav,1,기타 및 복합
/content/drive/MyDrive/코딩/새싹해커톤/data/audio/15.기타 및 복합/ID-01-15-N-KEH-02-01-M-74-KK.wav,1,기타 및 복합
/content/drive/MyDrive/코딩/새싹해커톤/data/audio/15.기타 및 복합/ID-01-15-N-KEH-02-03-M-74-KK.wav,1,기타 및 복합
/content/drive/MyDrive/코딩/새싹해커톤/data/audio/15.기타 및 복합/ID-01-15-N-HYJ-01-03-F-79-KK.wav,1,기타 및 복합
/content/drive/MyDrive/코딩/새싹해커톤/data/audio/15.기타 및 복합/ID-01-15-N-KEH-02-04-M-74-KK.wav,1,기타 및 복합
/content/drive/MyDrive/코딩/새싹해커톤/data/audio/15.기타 및 복합/ID-01-15-N-KEH-06-01-M-74-KK.wav,1,기타 및 복합
/content/drive/MyDrive/코딩/새싹해커톤/data/audio/15.기타 및 복합/ID-01-15-N-KEH-06-02-M-74-KK.wav,1,기타 및 복합
/content/drive/MyDrive/코딩/새싹해커톤/data/audio/15.기타 및 복합/ID-01-15-N-ISR-07-F-66-KK.wav,1,기타 및 복합
/content/drive/MyDrive/코딩/새싹해커톤/data/audio/15.기타 및 복합/ID-01-15-N-HCJ-02-02-F-78-KK.wav,1,기타 및 복합
/content/drive/MyDrive/코딩/새싹해커톤/data/audio/15.기타 및 복합/ID-01-15-N-HCJ-06-01-F-78-KK2.wav,1,기타 및 복합
/content/drive/MyDrive/코딩/새싹해커톤/data/audio/15.기타 및 복합/ID-01-15-N-HCJ-07-F-78-KK2.wav,1,기타 및 복합
/content/drive/MyDrive/코딩/새싹해커톤/data/audio/15.기타 및 복합/ID-01-15-N-KLY-01-01-F-68-KK.wav,1,기타 및 복합
/content/drive/MyDrive/코딩/새싹해커톤/data/audio/15.기타 및 복합/ID-01-15-N-KLY-01-02-F-68-KK.wav,1,기타 및 복합
/content/drive/MyDrive/코딩/새싹해커톤/data/audio/15.기타 및 복합/ID-01-15-N-KMH-04-F-79-KK.wav,1,기타 및 복합
/content/drive/MyDrive/코딩/새싹해커톤/data/audio/15.기타 및 복합/ID-01-15-N-KMH-06-01-F-79-KK.wav,1,기타 및 복합
/content/drive/MyDrive/코딩/새싹해커톤/data/audio/15.기타 및 복합/ID-01-15-N-KSG-06-01-M-84-KK.wav,1,기타 및 복합
/content/drive/MyDrive/코딩/새싹해커톤/data/audio/15.기타 및 복합/ID-01-15-N-KSH-02-01-F-59-KK.wav,1,기타 및 복합
/content/drive/MyDrive/코딩/새싹해커톤/data/audio/15.기타 및 복합/ID-01-15-N-KSH-02-03-F-59-KK.wav,1,기타 및 복합
/content/drive/MyDrive/코딩/새싹해커톤/data/audio/15.기타 및 복합/ID-01-15-N-KDR-07-F-74-KK.wav,1,기타 및 복합
/content/drive/MyDrive/코딩/새싹해커톤/data/audio/15.기타 및 복합/ID-01-15-N-KEH-03-M-74-KK2.wav,1,기타 및 복합
/content/drive/MyDrive/코딩/새싹해커톤/data/audio/15.기타 및 복합/ID-01-15-N-KKS-03-M-67-SU2.wav,1,기타 및 복합
/content/drive/MyDrive/코딩/새싹해커톤/data/audio/15.기타 및 복합/ID-01-15-N-KKS-03-M-67-SU.wav,1,기타 및 복합
/content/drive/MyDrive/코딩/새싹해커톤/data/audio/15.기타 및 복합/ID-01-15-N-CMJ-01-03-F-85-KK.wav,1,기타 및 복합
/content/drive/MyDrive/코딩/새싹해커톤/data/audio/15.기타 및 복합/ID-01-15-N-HWS-06-01-F-70-KK.wav,1,기타 및 복합
/content/drive/MyDrive/코딩/새싹해커톤/data/audio/15.기타 및 복합/ID-01-15-N-KJS-07-F-80-KK.wav,1,기타 및 복합
/content/drive/MyDrive/코딩/새싹해커톤/data/audio/15.기타 및 복합/ID-01-15-N-HWS-06-02-F-70-KK.wav,1,기타 및 복합
/content/drive/MyDrive/코딩/새싹해커톤/data/audio/15.기타 및 복합/ID-01-15-N-KYG-06-01-M-73-KK.wav,1,기타 및 복합
/content/drive/MyDrive/코딩/새싹해커톤/data/audio/15.기타 및 복합/ID-01-15-N-KES-06-01-F-83-KK.wav,1,기타 및 복합
/content/drive/MyDrive/코딩/새싹해커톤/data/audio/15.기타 및 복합/ID-01-15-N-KYG-06-02-M-73-KK.wav,1,기타 및 복합
/content/drive/MyDrive/코딩/새싹해커톤/data/audio/15.기타 및 복합/ID-01-15-N-JWD-07-M-74-KK_2.wav,1,기타 및 복합
/content/drive/MyDrive/코딩/새싹해커톤/data/audio/15.기타 및 복합/ID-01-15-N-KES-04-F-83-KK.wav,1,기타 및 복합
/content/drive/MyDrive/코딩/새싹해커톤/data/audio/15.기타 및 복합/ID-01-15-N-LNS-02-01-F-74-KK.wav,1,기타 및 복합
/content/drive/MyDrive/코딩/새싹해커톤/data/audio/15.기타 및 복합/ID-01-15-N-LNS-02-02-F-74-KK.wav,1,기타 및 복합
/content/drive/MyDrive/코딩/새싹해커톤/data/audio/15.기타 및 복합/ID-01-15-N-LNS-02-03-F-74-KK.wav,1,기타 및 복합
/content/drive/MyDrive/코딩/새싹해커톤/data/audio/15.기타 및 복합/ID-01-15-N-LNS-02-04-F-74-KK.wav,1,기타 및 복합
/content/drive/MyDrive/코딩/새싹해커톤/data/audio/15.기타 및 복합/ID-01-15-N-LNS-04-F-74-KK.wav,1,기타 및 복합
/content/drive/MyDrive/코딩/새싹해커톤/data/audio/15.기타 및 복합/ID-01-15-N-KJS-01-01-F-65-KK.wav,1,기타 및 복합
/content/drive/MyDrive/코딩/새싹해커톤/data/audio/15.기타 및 복합/ID-01-15-N-KJS-01-02-F-65-KK.wav,1,기타 및 복합
/content/drive/MyDrive/코딩/새싹해커톤/data/audio/15.기타 및 복합/ID-01-15-N-KJS-01-03-F-65-KK.wav,1,기타 및 복합
/content/drive/MyDrive/코딩/새싹해커톤/data/audio/15.기타 및 복합/ID-01-15-N-HWS-07-F-70-KK.wav,1,기타 및 복합
/content/drive/MyDrive/코딩/새싹해커톤/data/audio/15.기타 및 복합/ID-01-15-N-HSH-07-F-76-KK.wav,1,기타 및 복합
/content/drive/MyDrive/코딩/새싹해커톤/data/audio/15.기타 및 복합/ID-01-15-N-KJS-02-01-F-65-KK.wav,1,기타 및 복합
/content/drive/MyDrive/코딩/새싹해커톤/data/audio/15.기타 및 복합/ID-01-15-N-KJS-02-02-F-65-KK.wav,1,기타 및 복합
/content/drive/MyDrive/코딩/새싹해커톤/data/audio/15.기타 및 복합/ID-01-15-N-KJS-02-03-F-65-KK.wav,1,기타 및 복합
/content/drive/MyDrive/코딩/새싹해커톤/data/audio/15.기타 및 복합/ID-01-15-N-KJS-02-04-F-65-KK.wav,1,기타 및 복합
/content/drive/MyDrive/코딩/새싹해커톤/data/audio/15.기타 및 복합/ID-01-15-N-KJS-04-F-65-KK.wav,1,기타 및 복합
/content/drive/MyDrive/코딩/새싹해커톤/data/audio/15.기타 및 복합/ID-01-15-N-KJS-06-01-F-65-KK.wav,1,기타 및 복합
/content/drive/MyDrive/코딩/새싹해커톤/data/audio/15.기타 및 복합/ID-01-15-N-KJS-07-F-65-KK.wav,1,기타 및 복합
/content/drive/MyDrive/코딩/새싹해커톤/data/audio/15.기타 및 복합/ID-01-15-N-LGS-01-02-F-55-KK2.wav,1,기타 및 복합
/content/drive/MyDrive/코딩/새싹해커톤/data/audio/15.기타 및 복합/ID-01-15-N-LGS-01-03-F-55-KK2.wav,1,기타 및 복합
/content/drive/MyDrive/코딩/새싹해커톤/data/audio/15.기타 및 복합/ID-01-15-N-LGS-02-01-F-55-KK2.wav,1,기타 및 복합
/content/drive/MyDrive/코딩/새싹해커톤/data/audio/15.기타 및 복합/ID-01-15-N-LGS-02-02-F-55-KK2.wav,1,기타 및 복합
/content/drive/MyDrive/코딩/새싹해커톤/data/audio/15.기타 및 복합/ID-01-15-N-LGS-02-03-F-55-KK.wav,1,기타 및 복합
/content/drive/MyDrive/코딩/새싹해커톤/data/audio/15.기타 및 복합/ID-01-15-N-LGS-02-04-F-55-KK.wav,1,기타 및 복합
/content/drive/MyDrive/코딩/새싹해커톤/data/audio/15.기타 및 복합/ID-01-15-N-LGS-06-01-F-55-KK.wav,1,기타 및 복합
/content/drive/MyDrive/코딩/새싹해커톤/data/audio/15.기타 및 복합/ID-01-15-N-LGS-06-01-F-55-KK3.wav,1,기타 및 복합
/content/drive/MyDrive/코딩/새싹해커톤/data/audio/15.기타 및 복합/ID-01-15-N-LGS-04-F-55-KK.wav,1,기타 및 복합
/content/drive/MyDrive/코딩/새싹해커톤/data/audio/15.기타 및 복합/ID-01-15-N-LGS-07-F-55-KK2.wav,1,기타 및 복합
/content/drive/MyDrive/코딩/새싹해커톤/data/audio/15.기타 및 복합/ID-01-15-N-JWD-04-M-74-KK_4.wav,1,기타 및 복합
/content/drive/MyDrive/코딩/새싹해커톤/data/audio/15.기타 및 복합/ID-01-15-N-JWD-07-M-74-KK.wav,1,기타 및 복합
/content/drive/MyDrive/코딩/새싹해커톤/data/audio/15.기타 및 복합/ID-01-15-N-JWD-07-M-74-KK_3.wav,1,기타 및 복합
/content/drive/MyDrive/코딩/새싹해커톤/data/audio/15.기타 및 복합/ID-01-15-N-JWD-07-M-74-KK_4.wav,1,기타 및 복합
/content/drive/MyDrive/코딩/새싹해커톤/data/audio/15.기타 및 복합/ID-01-15-N-LCK-01-01-M-67-KK3.wav,1,기타 및 복합
/content/drive/MyDrive/코딩/새싹해커톤/data/audio/15.기타 및 복합/ID-01-15-N-LCK-01-02-M-67-KK4.wav,1,기타 및 복합
/content/drive/MyDrive/코딩/새싹해커톤/data/audio/15.기타 및 복합/ID-01-15-N-LCK-01-03-M-67-KK3.wav,1,기타 및 복합
/content/drive/MyDrive/코딩/새싹해커톤/data/audio/15.기타 및 복합/ID-01-15-N-LCK-01-03-M-67-KK4.wav,1,기타 및 복합
/content/drive/MyDrive/코딩/새싹해커톤/data/audio/15.기타 및 복합/ID-01-15-N-LCK-02-01-M-67-KK_2.wav,1,기타 및 복합
/content/drive/MyDrive/코딩/새싹해커톤/data/audio/15.기타 및 복합/ID-01-15-N-LCK-02-01-M-67-KK3.wav,1,기타 및 복합
/content/drive/MyDrive/코딩/새싹해커톤/data/audio/15.기타 및 복합/ID-01-15-N-LCK-02-01-M-67-KK4.wav,1,기타 및 복합
/content/drive/MyDrive/코딩/새싹해커톤/data/audio/15.기타 및 복합/ID-01-15-N-LCK-02-02-M-67-KK3.wav,1,기타 및 복합
/content/drive/MyDrive/코딩/새싹해커톤/data/audio/15.기타 및 복합/ID-01-15-N-LCK-02-02-M-67-KK4.wav,1,기타 및 복합
/content/drive/MyDrive/코딩/새싹해커톤/data/audio/15.기타 및 복합/ID-01-15-N-LCK-02-03-M-67-KK_2.wav,1,기타 및 복합
/content/drive/MyDrive/코딩/새싹해커톤/data/audio/15.기타 및 복합/ID-01-15-N-LCK-02-03-M-67-KK3.wav,1,기타 및 복합
/content/drive/MyDrive/코딩/새싹해커톤/data/audio/15.기타 및 복합/ID-01-15-N-LCK-02-03-M-67-KK4.wav,1,기타 및 복합
/content/drive/MyDrive/코딩/새싹해커톤/data/audio/15.기타 및 복합/ID-01-15-N-LCK-02-04-M-67-KK_2.wav,1,기타 및 복합
/content/drive/MyDrive/코딩/새싹해커톤/data/audio/15.기타 및 복합/ID-01-15-N-LCK-02-04-M-67-KK3.wav,1,기타 및 복합
/content/drive/MyDrive/코딩/새싹해커톤/data/audio/15.기타 및 복합/ID-01-15-N-LCK-02-04-M-67-KK4.wav,1,기타 및 복합
/content/drive/MyDrive/코딩/새싹해커톤/data/audio/15.기타 및 복합/ID-01-15-N-LCK-01-01-M-67-KK_2.wav,1,기타 및 복합
/content/drive/MyDrive/코딩/새싹해커톤/data/audio/15.기타 및 복합/ID-01-15-N-LCK-01-03-M-67-KK_2.wav,1,기타 및 복합
/content/drive/MyDrive/코딩/새싹해커톤/data/audio/15.기타 및 복합/ID-01-15-N-LCK-02-02-M-67-KK_2.wav,1,기타 및 복합
/content/drive/MyDrive/코딩/새싹해커톤/data/audio/15.기타 및 복합/ID-01-15-N-JWD-04-M-74-KK.wav,1,기타 및 복합
/content/drive/MyDrive/코딩/새싹해커톤/data/audio/15.기타 및 복합/ID-01-15-N-JWD-04-M-74-KK_2.wav,1,기타 및 복합
/content/drive/MyDrive/코딩/새싹해커톤/data/audio/15.기타 및 복합/ID-01-15-N-KSJ-02-01-M-74-KK.wav,1,기타 및 복합
/content/drive/MyDrive/코딩/새싹해커톤/data/audio/15.기타 및 복합/ID-01-15-N-KSJ-02-01-M-74-KK2.wav,1,기타 및 복합
/content/drive/MyDrive/코딩/새싹해커톤/data/audio/15.기타 및 복합/ID-01-15-N-KSJ-02-02-M-74-KK.wav,1,기타 및 복합
/content/drive/MyDrive/코딩/새싹해커톤/data/audio/15.기타 및 복합/ID-01-15-N-KYG-02-03-M-73-KK.wav,1,기타 및 복합
/content/drive/MyDrive/코딩/새싹해커톤/data/audio/15.기타 및 복합/ID-01-15-N-KYG-02-04-M-73-KK.wav,1,기타 및 복합
/content/drive/MyDrive/코딩/새싹해커톤/data/audio/15.기타 및 복합/ID-01-15-N-LBN-01-02-F-78-KK.wav,1,기타 및 복합
/content/drive/MyDrive/코딩/새싹해커톤/data/audio/15.기타 및 복합/ID-01-15-N-LBN-01-01-F-78-KK.wav,1,기타 및 복합
/content/drive/MyDrive/코딩/새싹해커톤/data/audio/15.기타 및 복합/ID-01-15-N-LBN-01-03-F-78-KK.wav,1,기타 및 복합
/content/drive/MyDrive/코딩/새싹해커톤/data/audio/15.기타 및 복합/ID-01-15-N-KEH-01-02-F-20-JL.wav,1,기타 및 복합
/content/drive/MyDrive/코딩/새싹해커톤/data/audio/15.기타 및 복합/ID-01-15-N-KEH-01-03-F-20-JL.wav,1,기타 및 복합
/content/drive/MyDrive/코딩/새싹해커톤/data/audio/15.기타 및 복합/ID-01-15-N-KEH-02-01-F-20-JL.wav,1,기타 및 복합
/content/drive/MyDrive/코딩/새싹해커톤/data/audio/15.기타 및 복합/ID-01-15-N-KEH-02-02-F-20-JL.wav,1,기타 및 복합
/content/drive/MyDrive/코딩/새싹해커톤/data/audio/15.기타 및 복합/ID-01-15-N-KEH-02-03-F-20-JL.wav,1,기타 및 복합
/content/drive/MyDrive/코딩/새싹해커톤/data/audio/15.기타 및 복합/ID-01-15-N-KEH-02-04-F-20-JL.wav,1,기타 및 복합
/content/drive/MyDrive/코딩/새싹해커톤/data/audio/15.기타 및 복합/ID-01-15-N-KEH-03-F-20-JL.wav,1,기타 및 복합
/content/drive/MyDrive/코딩/새싹해커톤/data/audio/15.기타 및 복합/ID-01-15-N-KEH-04-F-20-JL.wav,1,기타 및 복합
/content/drive/MyDrive/코딩/새싹해커톤/data/audio/15.기타 및 복합/ID-01-15-N-KSW-01-03-M-53-JL.wav,1,기타 및 복합
/content/drive/MyDrive/코딩/새싹해커톤/data/audio/15.기타 및 복합/ID-01-15-N-KSW-02-01-M-53-JL.wav,1,기타 및 복합
/content/drive/MyDrive/코딩/새싹해커톤/data/audio/15.기타 및 복합/ID-01-15-N-KSW-02-02-M-53-JL.wav,1,기타 및 복합
/content/drive/MyDrive/코딩/새싹해커톤/data/audio/15.기타 및 복합/ID-01-15-N-KSW-02-03-M-53-JL.wav,1,기타 및 복합
/content/drive/MyDrive/코딩/새싹해커톤/data/audio/15.기타 및 복합/ID-01-15-N-KSW-02-04-M-53-JL.wav,1,기타 및 복합
/content/drive/MyDrive/코딩/새싹해커톤/data/audio/15.기타 및 복합/ID-01-15-N-ABS-07-F-65-KK.wav,1,기타 및 복합
/content/drive/MyDrive/코딩/새싹해커톤/data/audio/15.기타 및 복합/ID-01-15-N-BCS-02-01-F-65-KK.wav,1,기타 및 복합
/content/drive/MyDrive/코딩/새싹해커톤/data/audio/15.기타 및 복합/ID-01-15-N-BCS-06-01-F-65-KK.wav,1,기타 및 복합
/content/drive/MyDrive/코딩/새싹해커톤/data/audio/15.기타 및 복합/ID-01-15-N-BHS-01-01-F-71-KK.wav,1,기타 및 복합
/content/drive/MyDrive/코딩/새싹해커톤/data/audio/15.기타 및 복합/ID-01-15-N-BHS-01-02-F-71-KK.wav,1,기타 및 복합
/content/drive/MyDrive/코딩/새싹해커톤/data/audio/15.기타 및 복합/ID-01-15-N-BHS-01-03-F-71-KK.wav,1,기타 및 복합
/content/drive/MyDrive/코딩/새싹해커톤/data/audio/15.기타 및 복합/ID-01-15-N-BYG-07-M-79-KK.wav,1,기타 및 복합
/content/drive/MyDrive/코딩/새싹해커톤/data/audio/15.기타 및 복합/ID-01-15-N-CCN-01-01-M-69-KK.wav,1,기타 및 복합
/content/drive/MyDrive/코딩/새싹해커톤/data/audio/15.기타 및 복합/ID-01-15-N-CCN-01-02-M-69-KK.wav,1,기타 및 복합
/content/drive/MyDrive/코딩/새싹해커톤/data/audio/15.기타 및 복합/ID-01-15-N-CCN-02-01-M-69-KK.wav,1,기타 및 복합
/content/drive/MyDrive/코딩/새싹해커톤/data/audio/15.기타 및 복합/ID-01-15-N-CCN-02-02-M-69-KK.wav,1,기타 및 복합
/content/drive/MyDrive/코딩/새싹해커톤/data/audio/15.기타 및 복합/ID-01-15-N-CCN-02-03-M-69-KK.wav,1,기타 및 복합
/content/drive/MyDrive/코딩/새싹해커톤/data/audio/15.기타 및 복합/ID-01-15-N-CCN-02-04-M-69-KK.wav,1,기타 및 복합
/content/drive/MyDrive/코딩/새싹해커톤/data/audio/15.기타 및 복합/ID-01-15-N-CJG-01-01-M-80-KK.wav,1,기타 및 복합
/content/drive/MyDrive/코딩/새싹해커톤/data/audio/15.기타 및 복합/ID-01-15-N-CJG-01-02-M-80-KK.wav,1,기타 및 복합
/content/drive/MyDrive/코딩/새싹해커톤/data/audio/15.기타 및 복합/ID-01-15-N-CJG-02-01-M-80-KK.wav,1,기타 및 복합
/content/drive/MyDrive/코딩/새싹해커톤/data/audio/15.기타 및 복합/ID-01-15-N-CJG-02-02-M-80-KK.wav,1,기타 및 복합
/content/drive/MyDrive/코딩/새싹해커톤/data/audio/15.기타 및 복합/ID-01-15-N-CJG-02-03-M-80-KK.wav,1,기타 및 복합
/content/drive/MyDrive/코딩/새싹해커톤/data/audio/15.기타 및 복합/ID-01-15-N-CJG-02-04-M-80-KK.wav,1,기타 및 복합
/content/drive/MyDrive/코딩/새싹해커톤/data/audio/15.기타 및 복합/ID-01-15-N-CJG-04-M-80-KK.wav,1,기타 및 복합
/content/drive/MyDrive/코딩/새싹해커톤/data/audio/15.기타 및 복합/ID-01-15-N-CJG-06-01-M-80-KK.wav,1,기타 및 복합
/content/drive/MyDrive/코딩/새싹해커톤/data/audio/15.기타 및 복합/ID-01-15-N-CJJ-07-F-78-KK.wav,1,기타 및 복합
/content/drive/MyDrive/코딩/새싹해커톤/data/audio/15.기타 및 복합/ID-01-15-N-CMJ-07-F-85-KK.wav,1,기타 및 복합
/content/drive/MyDrive/코딩/새싹해커톤/data/audio/15.기타 및 복합/ID-01-15-N-EJS-01-01-F-75-KK.wav,1,기타 및 복합
/content/drive/MyDrive/코딩/새싹해커톤/data/audio/15.기타 및 복합/ID-01-15-N-EJS-01-02-F-75-KK.wav,1,기타 및 복합
/content/drive/MyDrive/코딩/새싹해커톤/data/audio/15.기타 및 복합/ID-01-15-N-EJS-01-03-F-75-KK.wav,1,기타 및 복합
/content/drive/MyDrive/코딩/새싹해커톤/data/audio/15.기타 및 복합/ID-01-15-N-EJS-02-01-F-75-KK.wav,1,기타 및 복합
/content/drive/MyDrive/코딩/새싹해커톤/data/audio/15.기타 및 복합/ID-01-15-N-EJS-02-02-F-75-KK.wav,1,기타 및 복합
/content/drive/MyDrive/코딩/새싹해커톤/data/audio/15.기타 및 복합/ID-01-15-N-ENS-02-01-F-66-KK2.wav,1,기타 및 복합
/content/drive/MyDrive/코딩/새싹해커톤/data/audio/15.기타 및 복합/ID-01-15-N-ENS-02-01-F-66-KK4.wav,1,기타 및 복합
/content/drive/MyDrive/코딩/새싹해커톤/data/audio/15.기타 및 복합/ID-01-15-N-ENS-02-02-F-66-KK2.wav,1,기타 및 복합
/content/drive/MyDrive/코딩/새싹해커톤/data/audio/15.기타 및 복합/ID-01-15-N-ENS-02-03-F-66-KK4.wav,1,기타 및 복합
/content/drive/MyDrive/코딩/새싹해커톤/data/audio/15.기타 및 복합/ID-01-15-N-ENS-02-04-F-66-KK2.wav,1,기타 및 복합
/content/drive/MyDrive/코딩/새싹해커톤/data/audio/15.기타 및 복합/ID-01-15-N-ENS-02-04-F-66-KK4.wav,1,기타 및 복합
/content/drive/MyDrive/코딩/새싹해커톤/data/audio/15.기타 및 복합/ID-01-15-N-ENS-04-F-66-KK2.wav,1,기타 및 복합
/content/drive/MyDrive/코딩/새싹해커톤/data/audio/15.기타 및 복합/ID-01-15-N-ENS-06-01-F-66-KK.wav,1,기타 및 복합
/content/drive/MyDrive/코딩/새싹해커톤/data/audio/15.기타 및 복합/ID-01-15-N-ENS-06-01-F-66-KK2.wav,1,기타 및 복합
/content/drive/MyDrive/코딩/새싹해커톤/data/audio/15.기타 및 복합/ID-01-15-N-KDR-02-01-F-74-KK.wav,1,기타 및 복합
/content/drive/MyDrive/코딩/새싹해커톤/data/audio/15.기타 및 복합/ID-01-15-N-KDR-02-02-F-74-KK.wav,1,기타 및 복합
/content/drive/MyDrive/코딩/새싹해커톤/data/audio/15.기타 및 복합/ID-01-15-N-KDR-02-03-F-74-KK.wav,1,기타 및 복합
/content/drive/MyDrive/코딩/새싹해커톤/data/audio/15.기타 및 복합/ID-01-15-N-KDR-02-04-F-74-KK.wav,1,기타 및 복합
/content/drive/MyDrive/코딩/새싹해커톤/data/audio/15.기타 및 복합/ID-01-15-N-KDR-03-F-74-KK.wav,1,기타 및 복합
/content/drive/MyDrive/코딩/새싹해커톤/data/audio/15.기타 및 복합/ID-01-15-N-KDR-04-F-74-KK.wav,1,기타 및 복합
/content/drive/MyDrive/코딩/새싹해커톤/data/audio/15.기타 및 복합/ID-01-15-N-KDR-06-01-F-74-KK.wav,1,기타 및 복합
/content/drive/MyDrive/코딩/새싹해커톤/data/audio/15.기타 및 복합/ID-01-15-N-KKH-02-01-F-68-KK.wav,1,기타 및 복합
/content/drive/MyDrive/코딩/새싹해커톤/data/audio/15.기타 및 복합/ID-01-15-N-KKH-02-03-F-68-KK.wav,1,기타 및 복합
/content/drive/MyDrive/코딩/새싹해커톤/data/audio/15.기타 및 복합/ID-01-15-N-KKH-02-04-F-68-KK.wav,1,기타 및 복합
/content/drive/MyDrive/코딩/새싹해커톤/data/audio/15.기타 및 복합/ID-01-15-N-KKH-06-01-F-68-KK.wav,1,기타 및 복합
/content/drive/MyDrive/코딩/새싹해커톤/data/audio/15.기타 및 복합/ID-01-15-N-KKH-07-F-68-KK.wav,1,기타 및 복합
/content/drive/MyDrive/코딩/새싹해커톤/data/audio/15.기타 및 복합/ID-01-15-N-KKJ-02-02-F-68-KK2.wav,1,기타 및 복합
/content/drive/MyDrive/코딩/새싹해커톤/data/audio/15.기타 및 복합/ID-01-15-N-KSG-06-02-M-84-KK.wav,1,기타 및 복합
/content/drive/MyDrive/코딩/새싹해커톤/data/audio/15.기타 및 복합/ID-01-15-N-KWC-02-01-F-74-KK.wav,1,기타 및 복합
/content/drive/MyDrive/코딩/새싹해커톤/data/audio/15.기타 및 복합/ID-01-15-N-KWC-02-02-F-74-KK.wav,1,기타 및 복합
/content/drive/MyDrive/코딩/새싹해커톤/data/audio/15.기타 및 복합/ID-01-15-N-KWC-02-03-F-74-KK.wav,1,기타 및 복합
/content/drive/MyDrive/코딩/새싹해커톤/data/audio/15.기타 및 복합/ID-01-15-N-ENS-06-01-F-66-KK4.wav,1,기타 및 복합
/content/drive/MyDrive/코딩/새싹해커톤/data/audio/15.기타 및 복합/ID-01-15-N-KWC-02-04-F-74-KK.wav,1,기타 및 복합
/content/drive/MyDrive/코딩/새싹해커톤/data/audio/15.기타 및 복합/ID-01-15-N-ENS-06-02-F-66-KK2.wav,1,기타 및 복합
/content/drive/MyDrive/코딩/새싹해커톤/data/audio/15.기타 및 복합/ID-01-15-N-KYG-06-01-M-73-KK2.wav,1,기타 및 복합
/content/drive/MyDrive/코딩/새싹해커톤/data/audio/15.기타 및 복합/ID-01-15-N-LBN-02-01-F-78-KK.wav,1,기타 및 복합
/content/drive/MyDrive/코딩/새싹해커톤/data/audio/15.기타 및 복합/ID-01-15-N-LBN-02-02-F-78-KK.wav,1,기타 및 복합
/content/drive/MyDrive/코딩/새싹해커톤/data/audio/15.기타 및 복합/ID-01-15-N-HCJ-07-F-78-KK.wav,1,기타 및 복합
/content/drive/MyDrive/코딩/새싹해커톤/data/audio/15.기타 및 복합/ID-01-15-N-HJI-02-01-M-64-KK.wav,1,기타 및 복합
/content/drive/MyDrive/코딩/새싹해커톤/data/audio/15.기타 및 복합/ID-01-15-N-LBN-02-03-F-78-KK.wav,1,기타 및 복합
/content/drive/MyDrive/코딩/새싹해커톤/data/audio/15.기타 및 복합/ID-01-15-N-HJI-02-03-M-64-KK.wav,1,기타 및 복합
/content/drive/MyDrive/코딩/새싹해커톤/data/audio/15.기타 및 복합/ID-01-15-N-LBN-02-04-F-78-KK.wav,1,기타 및 복합
/content/drive/MyDrive/코딩/새싹해커톤/data/audio/15.기타 및 복합/ID-01-15-N-HJI-02-04-M-64-KK.wav,1,기타 및 복합
/content/drive/MyDrive/코딩/새싹해커톤/data/audio/15.기타 및 복합/ID-01-15-N-LBN-03-F-78-KK.wav,1,기타 및 복합
/content/drive/MyDrive/코딩/새싹해커톤/data/audio/15.기타 및 복합/ID-01-15-N-LBN-04-F-78-KK.wav,1,기타 및 복합
/content/drive/MyDrive/코딩/새싹해커톤/data/audio/15.기타 및 복합/ID-01-15-N-HSH-02-03-M-72-KK.wav,1,기타 및 복합
/content/drive/MyDrive/코딩/새싹해커톤/data/audio/15.기타 및 복합/ID-01-15-N-LCK-04-M-67-KK3.wav,1,기타 및 복합
/content/drive/MyDrive/코딩/새싹해커톤/data/audio/15.기타 및 복합/ID-01-15-N-LCK-06-01-M-67-KK3.wav,1,기타 및 복합
/content/drive/MyDrive/코딩/새싹해커톤/data/audio/15.기타 및 복합/ID-01-15-N-LGB-06-01-M-80-KK.wav,1,기타 및 복합
/content/drive/MyDrive/코딩/새싹해커톤/data/audio/15.기타 및 복합/ID-01-15-N-LHJ-01-02-F-79-KK.wav,1,기타 및 복합
/content/drive/MyDrive/코딩/새싹해커톤/data/audio/15.기타 및 복합/ID-01-15-N-JBH-04-F-79-KK.wav,1,기타 및 복합
/content/drive/MyDrive/코딩/새싹해커톤/data/audio/15.기타 및 복합/ID-01-15-N-LHJ-01-03-F-79-KK.wav,1,기타 및 복합
/content/drive/MyDrive/코딩/새싹해커톤/data/audio/15.기타 및 복합/ID-01-15-N-LHJ-02-01-F-79-KK.wav,1,기타 및 복합
/content/drive/MyDrive/코딩/새싹해커톤/data/audio/15.기타 및 복합/ID-01-15-N-LHJ-02-02-F-79-KK.wav,1,기타 및 복합
/content/drive/MyDrive/코딩/새싹해커톤/data/audio/15.기타 및 복합/ID-01-15-N-LHJ-02-03-F-79-KK.wav,1,기타 및 복합
/content/drive/MyDrive/코딩/새싹해커톤/data/audio/15.기타 및 복합/ID-01-15-N-LHJ-04-F-79-KK.wav,1,기타 및 복합
/content/drive/MyDrive/코딩/새싹해커톤/data/audio/15.기타 및 복합/ID-01-15-N-LHK-02-01-F-83-KK.wav,1,기타 및 복합
/content/drive/MyDrive/코딩/새싹해커톤/data/audio/15.기타 및 복합/ID-01-15-N-LHK-02-02-F-83-KK.wav,1,기타 및 복합
/content/drive/MyDrive/코딩/새싹해커톤/data/audio/15.기타 및 복합/ID-01-15-N-JJH-06-01-F-67-KK.wav,1,기타 및 복합
/content/drive/MyDrive/코딩/새싹해커톤/data/audio/15.기타 및 복합/ID-01-15-N-JMK-01-01-F-47-KK.wav,1,기타 및 복합
/content/drive/MyDrive/코딩/새싹해커톤/data/audio/15.기타 및 복합/ID-01-15-N-JMK-01-02-F-47-KK.wav,1,기타 및 복합
/content/drive/MyDrive/코딩/새싹해커톤/data/audio/15.기타 및 복합/ID-01-15-N-JMK-01-03-F-47-KK.wav,1,기타 및 복합
/content/drive/MyDrive/코딩/새싹해커톤/data/audio/15.기타 및 복합/ID-01-15-N-JMK-02-01-F-47-KK.wav,1,기타 및 복합
/content/drive/MyDrive/코딩/새싹해커톤/data/audio/15.기타 및 복합/ID-01-15-N-JMK-02-02-F-47-KK.wav,1,기타 및 복합
/content/drive/MyDrive/코딩/새싹해커톤/data/audio/15.기타 및 복합/ID-01-15-N-JMK-02-03-F-47-KK.wav,1,기타 및 복합
/content/drive/MyDrive/코딩/새싹해커톤/data/audio/15.기타 및 복합/ID-01-15-N-JMK-02-04-F-47-KK.wav,1,기타 및 복합
/content/drive/MyDrive/코딩/새싹해커톤/data/audio/15.기타 및 복합/ID-01-15-N-JMK-03-F-47-KK.wav,1,기타 및 복합
/content/drive/MyDrive/코딩/새싹해커톤/data/audio/15.기타 및 복합/ID-01-15-N-JMK-04-F-47-KK.wav,1,기타 및 복합
/content/drive/MyDrive/코딩/새싹해커톤/data/audio/15.기타 및 복합/ID-01-15-N-JWD-02-01-M-74-KK2.wav,1,기타 및 복합
/content/drive/MyDrive/코딩/새싹해커톤/data/audio/15.기타 및 복합/ID-01-15-N-JWD-02-02-M-74-KK2.wav,1,기타 및 복합
/content/drive/MyDrive/코딩/새싹해커톤/data/audio/15.기타 및 복합/ID-01-15-N-JWD-02-03-M-74-KK2.wav,1,기타 및 복합
/content/drive/MyDrive/코딩/새싹해커톤/data/audio/15.기타 및 복합/ID-01-15-N-JWD-02-04-M-74-KK2.wav,1,기타 및 복합
/content/drive/MyDrive/코딩/새싹해커톤/data/audio/15.기타 및 복합/ID-01-15-N-JWD-04-M-74-KK2.wav,1,기타 및 복합
/content/drive/MyDrive/코딩/새싹해커톤/data/audio/15.기타 및 복합/ID-01-15-N-JWD-06-01-M-74-KK.wav,1,기타 및 복합
/content/drive/MyDrive/코딩/새싹해커톤/data/audio/15.기타 및 복합/ID-01-15-N-JWD-06-02-M-74-KK_2.wav,1,기타 및 복합
/content/drive/MyDrive/코딩/새싹해커톤/data/audio/15.기타 및 복합/ID-01-15-N-LHK-06-01-F-83-KK2.wav,1,기타 및 복합
/content/drive/MyDrive/코딩/새싹해커톤/data/audio/15.기타 및 복합/ID-01-15-N-LHS-04-M-99-CC.wav,1,기타 및 복합
/content/drive/MyDrive/코딩/새싹해커톤/data/audio/15.기타 및 복합/ID-01-15-N-LJE-02-01-M-65-KK.wav,1,기타 및 복합
/content/drive/MyDrive/코딩/새싹해커톤/data/audio/15.기타 및 복합/ID-01-15-N-LJE-02-02-M-65-KK.wav,1,기타 및 복합
/content/drive/MyDrive/코딩/새싹해커톤/data/audio/15.기타 및 복합/ID-01-15-N-LJE-02-03-M-65-KK.wav,1,기타 및 복합
/content/drive/MyDrive/코딩/새싹해커톤/data/audio/15.기타 및 복합/ID-01-15-N-LJS-06-01-F-73-KK.wav,1,기타 및 복합
/content/drive/MyDrive/코딩/새싹해커톤/data/audio/15.기타 및 복합/ID-01-15-N-LKE-02-01-M-66-KK.wav,1,기타 및 복합
/content/drive/MyDrive/코딩/새싹해커톤/data/audio/15.기타 및 복합/ID-01-15-N-LKE-02-02-M-66-KK.wav,1,기타 및 복합
/content/drive/MyDrive/코딩/새싹해커톤/data/audio/15.기타 및 복합/ID-01-15-N-LKE-02-03-M-66-KK.wav,1,기타 및 복합
/content/drive/MyDrive/코딩/새싹해커톤/data/audio/15.기타 및 복합/ID-01-15-N-LKE-02-04-M-66-KK.wav,1,기타 및 복합
/content/drive/MyDrive/코딩/새싹해커톤/data/audio/15.기타 및 복합/ID-01-15-N-LKE-06-02-M-66-KK.wav,1,기타 및 복합
/content/drive/MyDrive/코딩/새싹해커톤/data/audio/15.기타 및 복합/ID-01-15-N-LKE-07-M-65-KK.wav,1,기타 및 복합
/content/drive/MyDrive/코딩/새싹해커톤/data/audio/15.기타 및 복합/ID-01-15-N-LKH-02-01-M-42-KK.wav,1,기타 및 복합
/content/drive/MyDrive/코딩/새싹해커톤/data/audio/15.기타 및 복합/ID-01-15-N-LKH-02-02-M-42-KK.wav,1,기타 및 복합
/content/drive/MyDrive/코딩/새싹해커톤/data/audio/15.기타 및 복합/ID-01-15-N-LKH-02-03-M-42-KK.wav,1,기타 및 복합
/content/drive/MyDrive/코딩/새싹해커톤/data/audio/15.기타 및 복합/ID-01-15-N-LKH-02-04-M-42-KK.wav,1,기타 및 복합
/content/drive/MyDrive/코딩/새싹해커톤/data/audio/15.기타 및 복합/ID-01-15-N-HCJ-06-01-F-78-KK_3.wav,1,기타 및 복합
/content/drive/MyDrive/코딩/새싹해커톤/data/audio/15.기타 및 복합/ID-01-15-N-JJH-06-01-F-66-KK-3.wav,1,기타 및 복합
/content/drive/MyDrive/코딩/새싹해커톤/data/audio/15.기타 및 복합/ID-01-15-N-JJH-06-02-F-66-KK-3.wav,1,기타 및 복합
/content/drive/MyDrive/코딩/새싹해커톤/data/audio/15.기타 및 복합/ID-01-15-N-JJH-07-F-66-KK-3.wav,1,기타 및 복합
/content/drive/MyDrive/코딩/새싹해커톤/data/audio/15.기타 및 복합/ID-01-15-N-KJS-06-01-F-65-KK-2.wav,1,기타 및 복합
/content/drive/MyDrive/코딩/새싹해커톤/data/audio/15.기타 및 복합/ID-01-15-N-KJS-03-F-80-KK.wav,1,기타 및 복합
/content/drive/MyDrive/코딩/새싹해커톤/data/audio/15.기타 및 복합/ID-01-15-N-LHK-07-F-78-KK3.wav,1,기타 및 복합
/content/drive/MyDrive/코딩/새싹해커톤/data/audio/15.기타 및 복합/ID-01-15-N-AHJ-01-01-F-65-KK.wav,1,기타 및 복합
/content/drive/MyDrive/코딩/새싹해커톤/data/audio/15.기타 및 복합/ID-01-15-N-AHJ-01-02-F-65-KK.wav,1,기타 및 복합
/content/drive/MyDrive/코딩/새싹해커톤/data/audio/15.기타 및 복합/ID-01-15-N-AHJ-02-01-F-65-KK.wav,1,기타 및 복합
/content/drive/MyDrive/코딩/새싹해커톤/data/audio/15.기타 및 복합/ID-01-15-N-AHJ-02-02-F-65-KK.wav,1,기타 및 복합
/content/drive/MyDrive/코딩/새싹해커톤/data/audio/15.기타 및 복합/ID-01-15-N-AHJ-02-03-F-65-KK.wav,1,기타 및 복합
/content/drive/MyDrive/코딩/새싹해커톤/data/audio/15.기타 및 복합/ID-01-15-N-AHJ-02-04-F-65-KK.wav,1,기타 및 복합
/content/drive/MyDrive/코딩/새싹해커톤/data/audio/15.기타 및 복합/ID-01-15-N-AHJ-04-F-65-KK.wav,1,기타 및 복합
/content/drive/MyDrive/코딩/새싹해커톤/data/audio/15.기타 및 복합/ID-01-15-N-AHJ-06-01-F-65-KK.wav,1,기타 및 복합
/content/drive/MyDrive/코딩/새싹해커톤/data/audio/15.기타 및 복합/ID-01-15-N-AHJ-06-02-F-65-KK.wav,1,기타 및 복합
/content/drive/MyDrive/코딩/새싹해커톤/data/audio/15.기타 및 복합/ID-01-15-N-CYZ-01-01-F-65-kk.wav,1,기타 및 복합
/content/drive/MyDrive/코딩/새싹해커톤/data/audio/15.기타 및 복합/ID-01-15-N-CYZ-01-01-F-65-kk (5).wav,1,기타 및 복합
/content/drive/MyDrive/코딩/새싹해커톤/data/audio/15.기타 및 복합/ID-01-15-N-CYZ-01-02-F-65-kk.wav,1,기타 및 복합
/content/drive/MyDrive/코딩/새싹해커톤/data/audio/15.기타 및 복합/ID-01-15-N-CYZ-01-02-F-65-kk (5).wav,1,기타 및 복합
/content/drive/MyDrive/코딩/새싹해커톤/data/audio/15.기타 및 복합/ID-01-15-N-CYZ-01-03-F-65-kk.wav,1,기타 및 복합
/content/drive/MyDrive/코딩/새싹해커톤/data/audio/15.기타 및 복합/ID-01-15-N-CYZ-01-03-F-65-kk (5).wav,1,기타 및 복합
/content/drive/MyDrive/코딩/새싹해커톤/data/audio/15.기타 및 복합/ID-01-15-N-CYZ-02-01-F-65-kk.wav,1,기타 및 복합
/content/drive/MyDrive/코딩/새싹해커톤/data/audio/15.기타 및 복합/ID-01-15-N-CYZ-02-01-F-65-kk (5).wav,1,기타 및 복합
/content/drive/MyDrive/코딩/새싹해커톤/data/audio/15.기타 및 복합/ID-01-15-N-CYZ-02-02-F-65-kk.wav,1,기타 및 복합
/content/drive/MyDrive/코딩/새싹해커톤/data/audio/15.기타 및 복합/ID-01-15-N-CYZ-02-02-F-65-kk (5).wav,1,기타 및 복합
/content/drive/MyDrive/코딩/새싹해커톤/data/audio/15.기타 및 복합/ID-01-15-N-CYZ-02-03-F-65-kk.wav,1,기타 및 복합
/content/drive/MyDrive/코딩/새싹해커톤/data/audio/15.기타 및 복합/ID-01-15-N-CYZ-02-03-F-65-kk (5).wav,1,기타 및 복합
/content/drive/MyDrive/코딩/새싹해커톤/data/audio/15.기타 및 복합/ID-01-15-N-CYZ-02-04-F-65-kk.wav,1,기타 및 복합
/content/drive/MyDrive/코딩/새싹해커톤/data/audio/15.기타 및 복합/ID-01-15-N-CYZ-02-04-F-65-kk (5).wav,1,기타 및 복합
/content/drive/MyDrive/코딩/새싹해커톤/data/audio/15.기타 및 복합/ID-01-15-N-CYZ-04-F-65-kk.wav,1,기타 및 복합
/content/drive/MyDrive/코딩/새싹해커톤/data/audio/15.기타 및 복합/ID-01-15-N-CYZ-04-F-65-kk (5).wav,1,기타 및 복합
/content/drive/MyDrive/코딩/새싹해커톤/data/audio/15.기타 및 복합/ID-01-15-N-KEH-01-01-F-20-JL.wav,1,기타 및 복합
/content/drive/MyDrive/코딩/새싹해커톤/data/audio/15.기타 및 복합/ID-01-15-N-KSW-01-01-M-53-JL.wav,1,기타 및 복합
/content/drive/MyDrive/코딩/새싹해커톤/data/audio/15.기타 및 복합/ID-01-15-N-LNS-01-01-F-74-KK2.wav,1,기타 및 복합
/content/drive/MyDrive/코딩/새싹해커톤/data/audio/15.기타 및 복합/ID-01-15-N-LNS-01-02-F-74-KK2.wav,1,기타 및 복합
/content/drive/MyDrive/코딩/새싹해커톤/data/audio/15.기타 및 복합/ID-01-15-N-LNS-02-01-F-74-KK2.wav,1,기타 및 복합
/content/drive/MyDrive/코딩/새싹해커톤/data/audio/15.기타 및 복합/ID-01-15-N-LNS-02-03-F-74-KK2.wav,1,기타 및 복합
/content/drive/MyDrive/코딩/새싹해커톤/data/audio/15.기타 및 복합/ID-01-15-N-LNS-02-04-F-74-KK2.wav,1,기타 및 복합
/content/drive/MyDrive/코딩/새싹해커톤/data/audio/15.기타 및 복합/ID-01-15-N-LNS-04-F-74-KK2.wav,1,기타 및 복합
/content/drive/MyDrive/코딩/새싹해커톤/data/audio/15.기타 및 복합/ID-01-15-N-LNS-06-01-F-74-KK2.wav,1,기타 및 복합
/content/drive/MyDrive/코딩/새싹해커톤/data/audio/15.기타 및 복합/ID-01-15-N-LNS-07-F-74-KK2.wav,1,기타 및 복합
/content/drive/MyDrive/코딩/새싹해커톤/data/audio/15.기타 및 복합/ID-01-15-N-ABS-01-01-F-65-KK.wav,1,기타 및 복합
/content/drive/MyDrive/코딩/새싹해커톤/data/audio/15.기타 및 복합/ID-01-15-N-ABS-01-02-F-65-KK.wav,1,기타 및 복합
/content/drive/MyDrive/코딩/새싹해커톤/data/audio/15.기타 및 복합/ID-01-15-N-LHK-06-01-F-83-KK4.wav,1,기타 및 복합
/content/drive/MyDrive/코딩/새싹해커톤/data/audio/15.기타 및 복합/ID-01-15-N-LHK-06-02-F-83-KK4.wav,1,기타 및 복합
/content/drive/MyDrive/코딩/새싹해커톤/data/audio/15.기타 및 복합/ID-01-15-N-LHK-07-F-83-KK4.wav,1,기타 및 복합
/content/drive/MyDrive/코딩/새싹해커톤/data/audio/15.기타 및 복합/ID-01-15-N-CJJ-02-04-F-78-KK.wav,1,기타 및 복합
/content/drive/MyDrive/코딩/새싹해커톤/data/audio/15.기타 및 복합/ID-01-15-N-CJJ-04-F-78-KK.wav,1,기타 및 복합
/content/drive/MyDrive/코딩/새싹해커톤/data/audio/15.기타 및 복합/ID-01-15-N-CJJ-06-01-F-78-KK.wav,1,기타 및 복합
/content/drive/MyDrive/코딩/새싹해커톤/data/audio/15.기타 및 복합/ID-01-15-N-CMJ-02-01-F-85-KK.wav,1,기타 및 복합
/content/drive/MyDrive/코딩/새싹해커톤/data/audio/15.기타 및 복합/ID-01-15-N-CMJ-02-02-F-85-KK.wav,1,기타 및 복합
/content/drive/MyDrive/코딩/새싹해커톤/data/audio/15.기타 및 복합/ID-01-15-N-GMG-06-01-F-75-KK.wav,1,기타 및 복합
/content/drive/MyDrive/코딩/새싹해커톤/data/audio/15.기타 및 복합/ID-01-15-N-HCJ-02-01-F-78-KK.wav,1,기타 및 복합
/content/drive/MyDrive/코딩/새싹해커톤/data/audio/15.기타 및 복합/ID-01-15-N-HSH-02-01-M-72-KK.wav,1,기타 및 복합
/content/drive/MyDrive/코딩/새싹해커톤/data/audio/15.기타 및 복합/ID-01-15-N-HSH-02-02-M-72-KK.wav,1,기타 및 복합
/content/drive/MyDrive/코딩/새싹해커톤/data/audio/15.기타 및 복합/ID-01-15-N-HYJ-02-01-F-79-KK.wav,1,기타 및 복합
/content/drive/MyDrive/코딩/새싹해커톤/data/audio/15.기타 및 복합/ID-01-15-N-HYJ-02-02-F-79-KK.wav,1,기타 및 복합
/content/drive/MyDrive/코딩/새싹해커톤/data/audio/15.기타 및 복합/ID-01-15-N-HYJ-02-03-F-79-KK.wav,1,기타 및 복합
/content/drive/MyDrive/코딩/새싹해커톤/data/audio/15.기타 및 복합/ID-01-15-N-HYJ-02-04-F-79-KK.wav,1,기타 및 복합
/content/drive/MyDrive/코딩/새싹해커톤/data/audio/15.기타 및 복합/ID-01-15-N-JBH-02-01-F-79-KK.wav,1,기타 및 복합
/content/drive/MyDrive/코딩/새싹해커톤/data/audio/15.기타 및 복합/ID-01-15-N-JBH-02-02-F-79-KK.wav,1,기타 및 복합
/content/drive/MyDrive/코딩/새싹해커톤/data/audio/15.기타 및 복합/ID-01-15-N-JSJ-02-03-M-31-KK.wav,1,기타 및 복합
/content/drive/MyDrive/코딩/새싹해커톤/data/audio/15.기타 및 복합/ID-01-15-N-JSJ-04-M-31-KK.wav,1,기타 및 복합
/content/drive/MyDrive/코딩/새싹해커톤/data/audio/15.기타 및 복합/ID-01-15-N-JYE-02-01-F-84-KK.wav,1,기타 및 복합
/content/drive/MyDrive/코딩/새싹해커톤/data/audio/15.기타 및 복합/ID-01-15-N-JYE-02-04-F-84-KK.wav,1,기타 및 복합
/content/drive/MyDrive/코딩/새싹해커톤/data/audio/15.기타 및 복합/ID-01-15-N-JYE-06-01-F-84-KK.wav,1,기타 및 복합
/content/drive/MyDrive/코딩/새싹해커톤/data/audio/15.기타 및 복합/ID-01-15-N-JYO-02-04-M-80-KK.wav,1,기타 및 복합
/content/drive/MyDrive/코딩/새싹해커톤/data/audio/15.기타 및 복합/ID-01-15-N-JYO-06-01-M-80-KK.wav,1,기타 및 복합
/content/drive/MyDrive/코딩/새싹해커톤/data/audio/15.기타 및 복합/ID-01-15-N-JYT-02-01-M-66-KK.wav,1,기타 및 복합
/content/drive/MyDrive/코딩/새싹해커톤/data/audio/15.기타 및 복합/ID-01-15-N-JYT-02-03-M-66-KK.wav,1,기타 및 복합
/content/drive/MyDrive/코딩/새싹해커톤/data/audio/15.기타 및 복합/ID-01-15-N-KEJ-02-01-F-68-KK.wav,1,기타 및 복합
/content/drive/MyDrive/코딩/새싹해커톤/data/audio/15.기타 및 복합/ID-01-15-N-KEJ-02-03-F-68-KK.wav,1,기타 및 복합
/content/drive/MyDrive/코딩/새싹해커톤/data/audio/15.기타 및 복합/ID-01-15-N-KEJ-02-04-F-68-KK.wav,1,기타 및 복합
/content/drive/MyDrive/코딩/새싹해커톤/data/audio/15.기타 및 복합/ID-01-15-N-KEJ-06-02-F-68-KK.wav,1,기타 및 복합
/content/drive/MyDrive/코딩/새싹해커톤/data/audio/15.기타 및 복합/ID-01-15-N-KKJ-02-01-F-68-KK.wav,1,기타 및 복합
/content/drive/MyDrive/코딩/새싹해커톤/data/audio/15.기타 및 복합/ID-01-15-N-KKJ-02-02-F-68-KK.wav,1,기타 및 복합
/content/drive/MyDrive/코딩/새싹해커톤/data/audio/15.기타 및 복합/ID-01-15-N-KLY-02-01-F-68-KK.wav,1,기타 및 복합
/content/drive/MyDrive/코딩/새싹해커톤/data/audio/15.기타 및 복합/ID-01-15-N-KLY-02-02-F-68-KK.wav,1,기타 및 복합
/content/drive/MyDrive/코딩/새싹해커톤/data/audio/15.기타 및 복합/ID-01-15-N-KLY-02-03-F-68-KK.wav,1,기타 및 복합
/content/drive/MyDrive/코딩/새싹해커톤/data/audio/15.기타 및 복합/ID-01-15-N-KSG-02-01-M-84-KK.wav,1,기타 및 복합
/content/drive/MyDrive/코딩/새싹해커톤/data/audio/15.기타 및 복합/ID-01-15-N-KSG-02-02-M-84-KK.wav,1,기타 및 복합
/content/drive/MyDrive/코딩/새싹해커톤/data/audio/15.기타 및 복합/ID-01-15-N-KSG-02-03-M-84-KK.wav,1,기타 및 복합
/content/drive/MyDrive/코딩/새싹해커톤/data/audio/15.기타 및 복합/ID-01-15-N-KDR-02-01-F-74-KK2.wav,1,기타 및 복합
/content/drive/MyDrive/코딩/새싹해커톤/data/audio/15.기타 및 복합/ID-01-15-N-KDR-02-02-F-74-KK2.wav,1,기타 및 복합
/content/drive/MyDrive/코딩/새싹해커톤/data/audio/15.기타 및 복합/ID-01-15-N-KDR-02-03-F-74-KK2.wav,1,기타 및 복합
/content/drive/MyDrive/코딩/새싹해커톤/data/audio/15.기타 및 복합/ID-01-15-N-KDR-02-04-F-74-KK2.wav,1,기타 및 복합
/content/drive/MyDrive/코딩/새싹해커톤/data/audio/15.기타 및 복합/ID-01-15-N-KDR-03-F-74-KK2.wav,1,기타 및 복합
/content/drive/MyDrive/코딩/새싹해커톤/data/audio/15.기타 및 복합/ID-01-15-N-KDR-04-F-74-KK2.wav,1,기타 및 복합
/content/drive/MyDrive/코딩/새싹해커톤/data/audio/15.기타 및 복합/ID-01-15-N-KDR-06-01-F-74-KK2.wav,1,기타 및 복합
/content/drive/MyDrive/코딩/새싹해커톤/data/audio/15.기타 및 복합/ID-01-15-N-KDR-07-F-74-KK2.wav,1,기타 및 복합
/content/drive/MyDrive/코딩/새싹해커톤/data/audio/15.기타 및 복합/ID-01-15-N-KMH-06-01-F-79-KK2.wav,1,기타 및 복합
/content/drive/MyDrive/코딩/새싹해커톤/data/audio/15.기타 및 복합/ID-01-15-N-LJS-06-01-F-73-KK2.wav,1,기타 및 복합
/content/drive/MyDrive/코딩/새싹해커톤/data/audio/15.기타 및 복합/ID-01-15-N-LKE-07-M-65-KK2.wav,1,기타 및 복합
/content/drive/MyDrive/코딩/새싹해커톤/data/audio/15.기타 및 복합/ID-01-15-N-JMK-02-01-F-47-KK2.wav,1,기타 및 복합
/content/drive/MyDrive/코딩/새싹해커톤/data/audio/15.기타 및 복합/ID-01-15-N-JMK-02-02-F-47-KK2.wav,1,기타 및 복합
/content/drive/MyDrive/코딩/새싹해커톤/data/audio/15.기타 및 복합/ID-01-15-N-JMK-02-03-F-47-KK2.wav,1,기타 및 복합
/content/drive/MyDrive/코딩/새싹해커톤/data/audio/15.기타 및 복합/ID-01-15-N-JMK-02-04-F-47-KK2.wav,1,기타 및 복합
/content/drive/MyDrive/코딩/새싹해커톤/data/audio/15.기타 및 복합/ID-01-15-N-JMK-03-F-47-KK2.wav,1,기타 및 복합
/content/drive/MyDrive/코딩/새싹해커톤/data/audio/15.기타 및 복합/ID-01-15-N-JMK-04-F-47-KK2.wav,1,기타 및 복합
/content/drive/MyDrive/코딩/새싹해커톤/data/audio/15.기타 및 복합/ID-01-15-N-KJS-01-01-F-83-KK.wav,1,기타 및 복합
/content/drive/MyDrive/코딩/새싹해커톤/data/audio/15.기타 및 복합/ID-01-15-N-KJS-01-02-F-83-KK.wav,1,기타 및 복합
/content/drive/MyDrive/코딩/새싹해커톤/data/audio/15.기타 및 복합/ID-01-15-N-KJS-02-01-F-83-KK.wav,1,기타 및 복합
/content/drive/MyDrive/코딩/새싹해커톤/data/audio/15.기타 및 복합/ID-01-15-N-KJS-02-02-F-83-KK.wav,1,기타 및 복합
/content/drive/MyDrive/코딩/새싹해커톤/data/audio/15.기타 및 복합/ID-01-15-N-KJS-02-03-F-83-KK.wav,1,기타 및 복합
/content/drive/MyDrive/코딩/새싹해커톤/data/audio/15.기타 및 복합/ID-01-15-N-KJS-02-04-F-83-KK.wav,1,기타 및 복합
/content/drive/MyDrive/코딩/새싹해커톤/data/audio/15.기타 및 복합/ID-01-15-N-KJS-04-F-83-KK.wav,1,기타 및 복합
/content/drive/MyDrive/코딩/새싹해커톤/data/audio/15.기타 및 복합/ID-01-15-N-LSR-06-01-F-67-KK.wav,1,기타 및 복합
/content/drive/MyDrive/코딩/새싹해커톤/data/audio/15.기타 및 복합/ID-01-15-N-MCS-02-02-F-73-KK.wav,1,기타 및 복합
/content/drive/MyDrive/코딩/새싹해커톤/data/audio/15.기타 및 복합/ID-01-15-N-MCS-02-01-F-73-KK.wav,1,기타 및 복합
/content/drive/MyDrive/코딩/새싹해커톤/data/audio/15.기타 및 복합/ID-01-15-N-MCS-01-03-F-73-KK.wav,1,기타 및 복합
/content/drive/MyDrive/코딩/새싹해커톤/data/audio/15.기타 및 복합/ID-01-15-N-MCS-01-02-F-73-KK.wav,1,기타 및 복합
/content/drive/MyDrive/코딩/새싹해커톤/data/audio/15.기타 및 복합/ID-01-15-N-LSR-06-02-F-67-KK.wav,1,기타 및 복합
/content/drive/MyDrive/코딩/새싹해커톤/data/audio/15.기타 및 복합/ID-01-15-N-MCS-02-03-F-73-KK.wav,1,기타 및 복합
/content/drive/MyDrive/코딩/새싹해커톤/data/audio/15.기타 및 복합/ID-01-15-N-MCS-07-F-73-KK.wav,1,기타 및 복합
/content/drive/MyDrive/코딩/새싹해커톤/data/audio/15.기타 및 복합/ID-01-15-N-MCS-06-01-F-73-KK.wav,1,기타 및 복합
/content/drive/MyDrive/코딩/새싹해커톤/data/audio/15.기타 및 복합/ID-01-15-N-MCS-02-04-F-73-KK.wav,1,기타 및 복합
/content/drive/MyDrive/코딩/새싹해커톤/data/audio/15.기타 및 복합/ID-01-15-N-NHJ-01-03-M-67-KK.wav,1,기타 및 복합
/content/drive/MyDrive/코딩/새싹해커톤/data/audio/15.기타 및 복합/ID-01-15-N-NHJ-01-03-M-65-KK.wav,1,기타 및 복합
/content/drive/MyDrive/코딩/새싹해커톤/data/audio/15.기타 및 복합/ID-01-15-N-NHJ-02-04-M-65-KK.wav,1,기타 및 복합
/content/drive/MyDrive/코딩/새싹해커톤/data/audio/15.기타 및 복합/ID-01-15-N-NHJ-02-03-M-67-KK.wav,1,기타 및 복합
/content/drive/MyDrive/코딩/새싹해커톤/data/audio/15.기타 및 복합/ID-01-15-N-NHJ-02-03-M-65-KK.wav,1,기타 및 복합
/content/drive/MyDrive/코딩/새싹해커톤/data/audio/15.기타 및 복합/ID-01-15-N-NHJ-03-M-67-KK.wav,1,기타 및 복합
